target,bit_index,bit,count0,count1,mean_if_0,mean_if_1,contribution_if_0,contribution_if_1,effect_1_minus_0,abs_effect,global_mean
official_property_contribution,0,bit_0,22907,7093,0.5680323096106199,0.6188858153481032,-0.01202346387319908,0.03883004186428418,0.05085350573748326,0.05085350573748326,0.580055773483819
official_property_contribution,1,bit_1,24699,5301,0.5760046378192785,0.5989312686316186,-0.004051135664540517,0.018875495147799626,0.022926630812340143,0.022926630812340143,0.580055773483819
official_property_contribution,2,bit_2,21548,8452,0.582776764293142,0.5731187278189716,0.002720990809322976,-0.00693704566484743,-0.009658036474170406,0.009658036474170406,0.580055773483819
official_property_contribution,3,bit_3,10708,19292,0.614249976034371,0.5610763249605288,0.034194202550552055,-0.018979448523290143,-0.0531736510738422,0.0531736510738422,0.580055773483819
official_property_contribution,4,bit_4,10454,19546,0.6067308786704858,0.5657888365339869,0.026675105186666825,-0.014266936949832054,-0.04094204213649888,0.04094204213649888,0.580055773483819
official_property_contribution,5,bit_5,24963,5037,0.5712660989346496,0.6236167514014113,-0.008789674549169346,0.04356097791759228,0.05235065246676163,0.05235065246676163,0.580055773483819
official_property_contribution,6,bit_6,16532,13468,0.5710233929223989,0.59114304074261,-0.009032380561420084,0.011087267258791056,0.02011964782021114,0.02011964782021114,0.580055773483819
official_property_contribution,7,bit_7,10449,19551,0.6080065994028588,0.5651175002482787,0.027950825919039857,-0.014938273235540311,-0.04288909915458017,0.04288909915458017,0.580055773483819
official_property_contribution,8,bit_8,4459,25541,0.6058112987090303,0.5755593212313928,0.025755525225211295,-0.004496452252426231,-0.030251977477637526,0.030251977477637526,0.580055773483819
official_property_contribution,9,bit_9,25062,4938,0.5827626172115579,0.5663176370916367,0.0027068437277388835,-0.013738136392182243,-0.016444980119921127,0.016444980119921127,0.580055773483819
official_property_contribution,10,bit_10,19739,10261,0.5691931432584288,0.6009521245235787,-0.010862630225390135,0.02089635103975973,0.031758981265149866,0.031758981265149866,0.580055773483819
official_property_contribution,11,bit_11,25186,4814,0.5758399182526548,0.6021123854181979,-0.0042158552311641895,0.02205661193437891,0.0262724671655431,0.0262724671655431,0.580055773483819
official_property_contribution,12,bit_12,21495,8505,0.5633093286859703,0.6223796807066001,-0.016746444797848703,0.04232390722278112,0.059070352020629824,0.059070352020629824,0.580055773483819
official_property_contribution,13,bit_13,18620,11380,0.569487836487237,0.5973470728578396,-0.010567936996581984,0.01729129937402063,0.027859236370602614,0.027859236370602614,0.580055773483819
official_property_contribution,14,bit_14,14193,15807,0.5778783473604229,0.5820108698948621,-0.002177426123396109,0.001955096411043078,0.004132522534439187,0.004132522534439187,0.580055773483819
official_property_contribution,15,bit_15,23343,6657,0.5739255081697552,0.6015517601484115,-0.006130265314063799,0.021495986664592515,0.027626251978656313,0.027626251978656313,0.580055773483819
official_property_contribution,16,bit_16,10727,19273,0.6081476786721544,0.5644203318320121,0.028091905188335375,-0.01563544165180686,-0.043727346840142234,0.043727346840142234,0.580055773483819
official_property_contribution,17,bit_17,7513,22487,0.6198778671184204,0.5667510467760872,0.03982209363460143,-0.013304726707731751,-0.05312682034233318,0.05312682034233318,0.580055773483819
official_property_contribution,18,bit_18,14701,15299,0.5997433548876043,0.5611377308524673,0.019687581403785348,-0.01891804263135166,-0.03860562403513701,0.03860562403513701,0.580055773483819
official_property_contribution,19,bit_19,18956,11044,0.5715216697621969,0.5947037696941655,-0.00853410372162211,0.014647996210346514,0.023182099931968625,0.023182099931968625,0.580055773483819
official_property_contribution,20,bit_20,8294,21706,0.6113701121399547,0.5680903664620742,0.031314338656135754,-0.011965407021744756,-0.04327974567788051,0.04327974567788051,0.580055773483819
official_property_contribution,21,bit_21,5852,24148,0.6000686283033146,0.5752058800597801,0.020012854819495662,-0.004849893424038854,-0.024862748243534516,0.024862748243534516,0.580055773483819
official_property_contribution,22,bit_22,12354,17646,0.5610176316007429,0.5933844148089648,-0.019038141883076065,0.013328641325145774,0.03236678320822184,0.03236678320822184,0.580055773483819
official_property_contribution,23,bit_23,6238,23762,0.6276831556665179,0.567552633594261,0.04762738218269891,-0.01250313988955798,-0.06013052207225689,0.06013052207225689,0.580055773483819
official_property_contribution,24,bit_24,25083,4917,0.5741294480871167,0.6102876262244086,-0.005926325396702237,0.030231852740589593,0.03615817813729183,0.03615817813729183,0.580055773483819
official_property_contribution,25,bit_25,7722,22278,0.6156031491017402,0.5677343427215606,0.035547375617921206,-0.012321430762258334,-0.04786880638017954,0.04786880638017954,0.580055773483819
official_property_contribution,26,bit_26,13075,16925,0.5712631304749509,0.5868483174921468,-0.008792643008868062,0.00679254400832785,0.015585187017195912,0.015585187017195912,0.580055773483819
official_property_contribution,27,bit_27,9416,20584,0.5696343852386948,0.5848229611886426,-0.010421388245124175,0.00476718770482365,0.015188575949947825,0.015188575949947825,0.580055773483819
official_property_contribution,28,bit_28,3874,26126,0.5973476920865805,0.5774917034896714,0.01729191860276147,-0.0025640699941475997,-0.01985598859690907,0.01985598859690907,0.580055773483819
official_property_contribution,29,bit_29,11618,18382,0.5655443042937448,0.5892274767288564,-0.014511469190074178,0.009171703245037466,0.023683172435111643,0.023683172435111643,0.580055773483819
official_property_contribution,30,bit_30,6968,23032,0.5809418940791194,0.5797876904555082,0.0008861205953004658,-0.0002680830283108282,-0.001154203623611294,0.001154203623611294,0.580055773483819
official_property_contribution,31,bit_31,12637,17363,0.6133942253576996,0.5557916476800852,0.033338451873880626,-0.024264125803733827,-0.05760257767761445,0.05760257767761445,0.580055773483819
official_property_contribution,32,bit_32,15761,14239,0.5609422292610154,0.601212355441513,-0.019113544222803536,0.021156581957693987,0.04027012618049752,0.04027012618049752,0.580055773483819
official_property_contribution,33,bit_33,18283,11717,0.5551454525487213,0.6189253986145172,-0.024910320935097707,0.03886962513069825,0.06377994606579596,0.06377994606579596,0.580055773483819
official_property_contribution,34,bit_34,6678,23322,0.5829978874450936,0.5792133312818898,0.0029421139612746394,-0.0008424422019291944,-0.003784556163203834,0.003784556163203834,0.580055773483819
official_property_contribution,35,bit_35,16424,13576,0.56949293159654,0.5928345091317764,-0.010562841887278962,0.012778735647957395,0.023341577535236357,0.023341577535236357,0.580055773483819
official_property_contribution,36,bit_36,12760,17240,0.5412361678954124,0.6087876857406674,-0.03881960558840658,0.028731912256848458,0.06755151784525504,0.06755151784525504,0.580055773483819
official_property_contribution,37,bit_37,20274,9726,0.5774601848300919,0.5854663188637967,-0.00259558865372711,0.00541054537997776,0.00800613403370487,0.00800613403370487,0.580055773483819
official_property_contribution,38,bit_38,3314,26686,0.6206563656992009,0.5750137903240432,0.040600592215381925,-0.005041983159775776,-0.0456425753751577,0.0456425753751577,0.580055773483819
official_property_contribution,39,bit_39,21286,8714,0.5819791702517477,0.575357423288486,0.0019233967679287423,-0.004698350195332934,-0.0066217469632616766,0.0066217469632616766,0.580055773483819
official_property_contribution,40,bit_40,14236,15764,0.5859597851102852,0.574724036011453,0.0059040116264662545,-0.005331737472365927,-0.011235749098832182,0.011235749098832182,0.580055773483819
official_property_contribution,41,bit_41,18580,11420,0.5776876835741921,0.5839085852632292,-0.0023680899096268915,0.0038528117794102146,0.006220901689037106,0.006220901689037106,0.580055773483819
official_property_contribution,42,bit_42,14334,15666,0.5824044601247141,0.5779067836771936,0.002348686640895159,-0.0021489898066253676,-0.004497676447520527,0.004497676447520527,0.580055773483819
official_property_contribution,43,bit_43,14591,15409,0.5753563472599387,0.5845057266302034,-0.00469942622388031,0.004449953146384411,0.00914937937026472,0.00914937937026472,0.580055773483819
official_property_contribution,44,bit_44,5184,24816,0.6198965369269718,0.5717331381804138,0.039840763443152793,-0.008322635303405157,-0.04816339874655795,0.04816339874655795,0.580055773483819
official_property_contribution,45,bit_45,13831,16169,0.5651275181231714,0.5928254376493898,-0.014928255360647569,0.012769664165570793,0.027697919526218362,0.027697919526218362,0.580055773483819
official_property_contribution,46,bit_46,19674,10326,0.5648023424317304,0.6091179468828882,-0.01525343105208854,0.029062173399069247,0.044315604451157786,0.044315604451157786,0.580055773483819
official_property_contribution,47,bit_47,21091,8909,0.5618486336973302,0.6231590157373642,-0.018207139786488802,0.043103242253545226,0.06131038204003403,0.06131038204003403,0.580055773483819
official_property_contribution,48,bit_48,19692,10308,0.5648023158322718,0.6091953823385207,-0.015253457651547175,0.029139608854701682,0.04439306650624886,0.04439306650624886,0.580055773483819
official_property_contribution,49,bit_49,27586,2414,0.5760141995474792,0.6262408847546848,-0.0040415739363397485,0.046185111270865775,0.050226685207205524,0.050226685207205524,0.580055773483819
official_property_contribution,50,bit_50,20388,9612,0.5709947250597628,0.5992751508526969,-0.009061048424056195,0.01921937736887791,0.028280425792934105,0.028280425792934105,0.580055773483819
official_property_contribution,51,bit_51,9860,20140,0.6217817805999813,0.5596278474577334,0.04172600711616237,-0.020427926026085563,-0.06215393314224793,0.06215393314224793,0.580055773483819
official_property_contribution,52,bit_52,19674,10326,0.5858495716093101,0.5690169216224094,0.005793798125491079,-0.011038851861409626,-0.016832649986900705,0.016832649986900705,0.580055773483819
official_property_contribution,53,bit_53,16862,13138,0.5845658075320307,0.5742673586473944,0.0045100340482117085,-0.00578841483642456,-0.010298448884636269,0.010298448884636269,0.580055773483819
official_property_contribution,54,bit_54,25071,4929,0.573420188071189,0.6138071960604154,-0.006635585412629985,0.03375142257659647,0.04038700798922645,0.04038700798922645,0.580055773483819
official_property_contribution,55,bit_55,23272,6728,0.5738128690684238,0.6016498388160245,-0.006242904415395212,0.021594065332205536,0.02783696974760075,0.02783696974760075,0.580055773483819
official_property_contribution,56,bit_56,24634,5366,0.5701139697415367,0.6256961747859769,-0.009941803742282262,0.04564040130215796,0.055582205044440225,0.055582205044440225,0.580055773483819
official_property_contribution,57,bit_57,14531,15469,0.5966596268956202,0.5644587346366482,0.01660385341180126,-0.015597038847170785,-0.03220089225897205,0.03220089225897205,0.580055773483819
official_property_contribution,58,bit_58,16387,13613,0.551727286771811,0.6141569203103577,-0.02832848671200794,0.03410114682653875,0.06242963353854669,0.06242963353854669,0.580055773483819
official_property_contribution,59,bit_59,17531,12469,0.5683104998955447,0.5965692381783442,-0.011745273588274263,0.016513464694525193,0.028258738282799456,0.028258738282799456,0.580055773483819
official_property_contribution,60,bit_60,7351,22649,0.6158266533059963,0.5684459126699717,0.035770879822177304,-0.011609860813847295,-0.0473807406360246,0.0473807406360246,0.580055773483819
official_property_contribution,61,bit_61,10870,19130,0.5930592911133638,0.5726669477319553,0.01300351762954477,-0.007388825751863726,-0.020392343381408495,0.020392343381408495,0.580055773483819
official_property_contribution,62,bit_62,16927,13073,0.5888968378626965,0.5686083094938197,0.00884106437887755,-0.011447463989999296,-0.020288528368876846,0.020288528368876846,0.580055773483819
official_property_contribution,63,bit_63,9878,20122,0.6119027518391282,0.5644219173962658,0.03184697835530925,-0.01563385608755319,-0.04748083444286244,0.04748083444286244,0.580055773483819
official_property_contribution,64,bit_64,11148,18852,0.5777440404153946,0.5814228008680113,-0.0023117330684243598,0.0013670273841923652,0.003678760452616725,0.003678760452616725,0.580055773483819
official_property_contribution,65,bit_65,5357,24643,0.6010837489375375,0.5754846228728718,0.021027975453718484,-0.00457115061094715,-0.025599126064665634,0.025599126064665634,0.580055773483819
official_property_contribution,66,bit_66,12358,17642,0.6093821955902298,0.5595129821681504,0.029326422106410788,-0.020542791315668607,-0.049869213422079395,0.049869213422079395,0.580055773483819
official_property_contribution,67,bit_67,18478,11522,0.552143186890061,0.6248195970456536,-0.02791258659375795,0.044763823561834615,0.07267641015559256,0.07267641015559256,0.580055773483819
official_property_contribution,68,bit_68,26084,3916,0.5766197582505919,0.6029426532957429,-0.0034360152332271188,0.022886879811923944,0.026322895045151062,0.026322895045151062,0.580055773483819
official_property_contribution,69,bit_69,24563,5437,0.5767536439641631,0.5949739650216722,-0.0033021295196559164,0.014918191537853231,0.018220321057509148,0.018220321057509148,0.580055773483819
official_property_contribution,70,bit_70,23127,6873,0.5791661837366284,0.5830491594991362,-0.0008895897471905556,0.0029933860153171787,0.0038829757625077344,0.0038829757625077344,0.580055773483819
official_property_contribution,71,bit_71,23730,6270,0.5734978596269251,0.6048754378895748,-0.00655791385689386,0.02481966440575578,0.03137757826264964,0.03137757826264964,0.580055773483819
official_property_contribution,72,bit_72,11829,18171,0.5920241214337104,0.5722645903954217,0.011968347949891434,-0.007791183088397324,-0.019759531038288758,0.019759531038288758,0.580055773483819
official_property_contribution,73,bit_73,9458,20542,0.5906715707825567,0.575168021032672,0.01061579729873774,-0.004887752451147032,-0.01550354974988477,0.01550354974988477,0.580055773483819
official_property_contribution,74,bit_74,18348,11652,0.5790958078879188,0.5815673979906483,-0.0009599655959001696,0.00151162450682929,0.0024715901027294596,0.0024715901027294596,0.580055773483819
official_property_contribution,75,bit_75,4989,25011,0.6185353881411181,0.5723801588532458,0.0384796146572991,-0.007675614630573202,-0.0461552292878723,0.0461552292878723,0.580055773483819
official_property_contribution,76,bit_76,23368,6632,0.5710099925580847,0.6119287844416832,-0.00904578092573427,0.03187301095786421,0.04091879188359848,0.04091879188359848,0.580055773483819
official_property_contribution,77,bit_77,29335,665,0.578606855650555,0.6439715699331381,-0.0014489178332639518,0.0639157964493191,0.06536471428258306,0.06536471428258306,0.580055773483819
official_property_contribution,78,bit_78,15800,14200,0.5981621639978448,0.5599092262921561,0.01810639051402585,-0.020146547191662867,-0.03825293770568872,0.03825293770568872,0.580055773483819
official_property_contribution,79,bit_79,23847,6153,0.5754709032556308,0.5978252193365096,-0.004584870228188209,0.01776944585269058,0.02235431608087879,0.02235431608087879,0.580055773483819
official_property_contribution,80,bit_80,29988,12,0.5800641420070722,0.5591428338737635,8.368523253254878e-06,-0.02091293961005547,-0.020921308133308725,0.020921308133308725,0.580055773483819
official_property_contribution,81,bit_81,20181,9819,0.5780902055226937,0.5840956071759941,-0.0019655679611252364,0.004039833692175088,0.006005401653300324,0.006005401653300324,0.580055773483819
official_property_contribution,82,bit_82,14551,15449,0.557305916196552,0.60148325574073,-0.022749857287266972,0.021427482256911046,0.04417733954417802,0.04417733954417802,0.580055773483819
official_property_contribution,83,bit_83,9336,20664,0.6046497700639901,0.5689442001160063,0.02459399658017114,-0.011111573367812655,-0.035705569947983795,0.035705569947983795,0.580055773483819
official_property_contribution,84,bit_84,4747,25253,0.6284615516579256,0.5709565682807743,0.04840577817410663,-0.009099205203044636,-0.057504983377151264,0.057504983377151264,0.580055773483819
official_property_contribution,85,bit_85,21252,8748,0.5767414360899581,0.5881074765352969,-0.003314337393860889,0.008051703051477954,0.011366040445338843,0.011366040445338843,0.580055773483819
official_property_contribution,86,bit_86,9587,20413,0.6297751596296618,0.5567049796279333,0.049719386145842814,-0.023350793855885676,-0.07307018000172849,0.07307018000172849,0.580055773483819
official_property_contribution,87,bit_87,12673,17327,0.5685448646235038,0.5884748736157964,-0.011510908860315139,0.008419100131977442,0.01993000899229258,0.01993000899229258,0.580055773483819
official_property_contribution,88,bit_88,15380,14620,0.5887196674007085,0.5709414993085957,0.008663893916889487,-0.009114274175223258,-0.017778168092112745,0.017778168092112745,0.580055773483819
official_property_contribution,89,bit_89,5012,24988,0.6145924978100359,0.5731285259120645,0.034536724326216905,-0.006927247571754447,-0.04146397189797135,0.04146397189797135,0.580055773483819
official_property_contribution,90,bit_90,11902,18098,0.5998993005692528,0.5670058420344414,0.0198435270854338,-0.013049931449377605,-0.032893458534811404,0.032893458534811404,0.580055773483819
official_property_contribution,91,bit_91,12526,17474,0.5918336019614252,0.5716129968150256,0.011777828477606223,-0.00844277666879334,-0.020220605146399562,0.020220605146399562,0.580055773483819
official_property_contribution,92,bit_92,16306,13694,0.5678345077289532,0.594608129216172,-0.012221265754865818,0.014552355732353028,0.026773621487218846,0.026773621487218846,0.580055773483819
official_property_contribution,93,bit_93,7625,22375,0.5778718088369984,0.580800029592512,-0.0021839646468205798,0.0007442561086929977,0.0029282207555135775,0.0029282207555135775,0.580055773483819
official_property_contribution,94,bit_94,12602,17398,0.5843818151071714,0.5769222652335898,0.004326041623352372,-0.0031335082502291778,-0.00745954987358155,0.00745954987358155,0.580055773483819
official_property_contribution,95,bit_95,21918,8082,0.5719498185737449,0.60203873806177,-0.008105954910074042,0.021982964577951014,0.030088919488025057,0.030088919488025057,0.580055773483819
official_property_contribution,96,bit_96,3416,26584,0.5684863529719449,0.5815424248706893,-0.01156942051187404,0.001486651386870319,0.01305607189874436,0.01305607189874436,0.580055773483819
official_property_contribution,97,bit_97,22212,7788,0.5664638323109585,0.6188210787395425,-0.013591941172860444,0.038765305255723526,0.05235724642858397,0.05235724642858397,0.580055773483819
official_property_contribution,98,bit_98,14813,15187,0.6011863513250476,0.5594455641230419,0.021130577841228626,-0.020610209360777065,-0.04174078720200569,0.04174078720200569,0.580055773483819
official_property_contribution,99,bit_99,19537,10463,0.5713935014229174,0.5962303705643727,-0.008662272060901532,0.016174597080553688,0.02483686914145522,0.02483686914145522,0.580055773483819
official_property_contribution,100,bit_100,7097,22903,0.6188713573877622,0.568027908183802,0.03881558390394324,-0.012027865300016982,-0.05084344920396022,0.05084344920396022,0.580055773483819
official_property_contribution,101,bit_101,7693,22307,0.6137694756847001,0.5684289518120846,0.0337137022008811,-0.011626821671734344,-0.045340523872615446,0.045340523872615446,0.580055773483819
official_property_contribution,102,bit_102,21517,8483,0.569451363088639,0.6069536985661114,-0.010604410395180008,0.026897925082292384,0.03750233547747239,0.03750233547747239,0.580055773483819
official_property_contribution,103,bit_103,12339,17661,0.5498040088151405,0.6011914127028225,-0.030251764668678516,0.02113563921900352,0.05138740388768204,0.05138740388768204,0.580055773483819
official_property_contribution,104,bit_104,13906,16094,0.5852048700808948,0.5756067031918507,0.005149096597075853,-0.004449070291968282,-0.009598166889044135,0.009598166889044135,0.580055773483819
official_property_contribution,105,bit_105,16464,13536,0.5720203409323531,0.5898293669772686,-0.008035432551465882,0.00977359349344964,0.01780902604491552,0.01780902604491552,0.580055773483819
official_property_contribution,106,bit_106,17349,12651,0.5653741373745709,0.6001894945224204,-0.014681636109248108,0.02013372103860145,0.03481535714784956,0.03481535714784956,0.580055773483819
official_property_contribution,107,bit_107,25579,4421,0.5812954957533503,0.5728829944898488,0.0012397222695312848,-0.007172778993970175,-0.00841250126350146,0.00841250126350146,0.580055773483819
official_property_contribution,108,bit_108,9292,20708,0.6008900655895704,0.5707071042619413,0.020834292105751384,-0.009348669221877715,-0.0301829613276291,0.0301829613276291,0.580055773483819
official_property_contribution,109,bit_109,13652,16348,0.5967040709196245,0.5661529990408523,0.016648297435805537,-0.013902774442966725,-0.030551071878772262,0.030551071878772262,0.580055773483819
official_property_contribution,110,bit_110,12964,17036,0.5975789323236641,0.5667210569306518,0.01752315883984512,-0.013334716553167203,-0.030857875393012324,0.030857875393012324,0.580055773483819
official_property_contribution,111,bit_111,16376,13624,0.5604239166599081,0.6036531962193123,-0.019631856823910887,0.023597422735493367,0.043229279559404254,0.043229279559404254,0.580055773483819
official_property_contribution,112,bit_112,6931,23069,0.5876581254226205,0.5777716735537034,0.007602351938801544,-0.0022840999301155795,-0.009886451868917123,0.009886451868917123,0.580055773483819
official_property_contribution,113,bit_113,22539,7461,0.5680142646098258,0.6164320727079086,-0.012041508873993134,0.03637629922408958,0.048417808098082715,0.048417808098082715,0.580055773483819
official_property_contribution,114,bit_114,5764,24236,0.611852154946489,0.5724937028966416,0.031796381462670054,-0.007562070587177394,-0.03935845204984745,0.03935845204984745,0.580055773483819
official_property_contribution,115,bit_115,28757,1243,0.5799933408333723,0.5815001626462478,-6.243265044669766e-05,0.0014443891624288385,0.0015068218128755362,0.0015068218128755362,0.580055773483819
official_property_contribution,116,bit_116,14519,15481,0.5929318184582462,0.5679798548103668,0.012876044974427181,-0.012075918673452146,-0.024951963647879327,0.024951963647879327,0.580055773483819
official_property_contribution,117,bit_117,21047,8953,0.593738991891888,0.5478888240998554,0.013683218408068965,-0.03216694938396358,-0.04585016779203255,0.04585016779203255,0.580055773483819
official_property_contribution,118,bit_118,19573,10427,0.5650569762329289,0.608210703817728,-0.014998797250890039,0.028154930333909034,0.04315372758479907,0.04315372758479907,0.580055773483819
official_property_contribution,119,bit_119,20011,9989,0.5761944955207632,0.5877910856590828,-0.003861277963055798,0.007735312175263798,0.011596590138319596,0.011596590138319596,0.580055773483819
official_property_contribution,120,bit_120,21022,8978,0.5604440025832345,0.6259767634450673,-0.019611770900584524,0.04592098996124827,0.0655327608618328,0.0655327608618328,0.580055773483819
official_property_contribution,121,bit_121,10168,19832,0.6028141228184815,0.5683874144663296,0.022758349334662475,-0.011668359017489416,-0.03442670835215189,0.03442670835215189,0.580055773483819
official_property_contribution,122,bit_122,17492,12508,0.5729172481856942,0.5900387511393033,-0.007138525298124754,0.009982977655484282,0.017121502953609036,0.017121502953609036,0.580055773483819
official_property_contribution,123,bit_123,18087,11913,0.5761763083830329,0.5859457999488502,-0.0038794651007860725,0.005890026465031228,0.009769491565817301,0.009769491565817301,0.580055773483819
official_property_contribution,124,bit_124,8492,21508,0.6216060354715868,0.5636504905751281,0.04155026198776779,-0.01640528290869092,-0.05795554489645871,0.05795554489645871,0.580055773483819
official_property_contribution,125,bit_125,24565,5435,0.5725752986538775,0.6138658680923771,-0.007480474829941519,0.033810094608558106,0.041290569438499625,0.041290569438499625,0.580055773483819
official_property_contribution,126,bit_126,18979,11021,0.5743726985626174,0.5898424606201481,-0.00568307492120157,0.00978668713632913,0.0154697620575307,0.0154697620575307,0.580055773483819
official_property_contribution,127,bit_127,8029,21971,0.6108554370260494,0.5688004597256574,0.030799663542230404,-0.011255313758161578,-0.04205497730039198,0.04205497730039198,0.580055773483819
qed,0,bit_0,22907,7093,0.6104059515031097,0.6958919700983016,-0.020211744329856618,0.06527427426533527,0.08548601859519189,0.08548601859519189,0.6306176958329663
qed,1,bit_1,24699,5301,0.6284230461955668,0.6408432478786433,-0.0021946496373995705,0.010225552045676989,0.01242020168307656,0.01242020168307656,0.6306176958329663
qed,2,bit_2,21548,8452,0.6326882974027951,0.6253387887545624,0.002070601569828745,-0.005278907078403949,-0.007349508648232694,0.007349508648232694,0.6306176958329663
qed,3,bit_3,10708,19292,0.6697556025070347,0.6088942506398333,0.03913790667406836,-0.021723445193133073,-0.06086135186720143,0.06086135186720143,0.6306176958329663
qed,4,bit_4,10454,19546,0.6547752683597406,0.6176972382869262,0.024157572526774307,-0.012920457546040098,-0.037078030072814405,0.037078030072814405,0.6306176958329663
qed,5,bit_5,24963,5037,0.6164594010118061,0.7007851593272335,-0.014158294821160267,0.07016746349426717,0.08432575831542743,0.08432575831542743,0.6306176958329663
qed,6,bit_6,16532,13468,0.6119775420838949,0.6534985260809357,-0.018640153749071464,0.022880830247969386,0.04152098399704085,0.04152098399704085,0.6306176958329663
qed,7,bit_7,10449,19551,0.6796491750659007,0.6044129018835555,0.04903147923293438,-0.026204793949410887,-0.07523627318234527,0.07523627318234527,0.6306176958329663
qed,8,bit_8,4459,25541,0.6415207665204661,0.6287142154604061,0.010903070687499739,-0.0019034803725602734,-0.012806551060060012,0.012806551060060012,0.6306176958329663
qed,9,bit_9,25062,4938,0.6365215030935811,0.600653901267246,0.005903807260614791,-0.029963794565720292,-0.03586760182633508,0.03586760182633508,0.6306176958329663
qed,10,bit_10,19739,10261,0.6148801352382092,0.6608919097087982,-0.01573756059475717,0.030274213875831846,0.04601177447058902,0.04601177447058902,0.6306176958329663
qed,11,bit_11,25186,4814,0.6299121189335621,0.6343091498812409,-0.0007055768994042033,0.003691454048274534,0.004397030947678737,0.004397030947678737,0.6306176958329663
qed,12,bit_12,21495,8505,0.6033415837938686,0.699553619205148,-0.027276112039097744,0.06893592337218168,0.09621203541127943,0.09621203541127943,0.6306176958329663
qed,13,bit_13,18620,11380,0.6108017264945783,0.6630406614815414,-0.01981596933838803,0.03242296564857505,0.05223893498696308,0.05223893498696308,0.6306176958329663
qed,14,bit_14,14193,15807,0.6346305701789727,0.6270145626898734,0.00401287434600639,-0.003603133143092907,-0.007616007489099297,0.007616007489099297,0.6306176958329663
qed,15,bit_15,23343,6657,0.6187481515457027,0.6722386620786617,-0.011869544287263611,0.041620966245695334,0.053490510532958946,0.053490510532958946,0.6306176958329663
qed,16,bit_16,10727,19273,0.6813763299238588,0.6023663666214786,0.05075863409089243,-0.028251329211487763,-0.07900996330238019,0.07900996330238019,0.6306176958329663
qed,17,bit_17,7513,22487,0.6966683548904555,0.6085498965934539,0.06605065905748919,-0.02206779923951241,-0.0881184582970016,0.0881184582970016,0.6306176958329663
qed,18,bit_18,14701,15299,0.6542101346986879,0.6079474269418642,0.0235924388657216,-0.02267026889110213,-0.04626270775682373,0.04626270775682373,0.6306176958329663
qed,19,bit_19,18956,11044,0.6258320119732863,0.6388318775827033,-0.004785683859680034,0.008214181749736982,0.012999865609417016,0.012999865609417016,0.6306176958329663
qed,20,bit_20,8294,21706,0.6540916326210499,0.6216481559951167,0.023473936788083516,-0.00896953983784965,-0.032443476625933165,0.032443476625933165,0.6306176958329663
qed,21,bit_21,5852,24148,0.6381530161951611,0.6287915945094794,0.007535320362194731,-0.0018261013234869283,-0.009361421685681659,0.009361421685681659,0.6306176958329663
qed,22,bit_22,12354,17646,0.6026445746419542,0.6502017340962422,-0.02797312119101214,0.019584038263275816,0.047557159454287956,0.047557159454287956,0.6306176958329663
qed,23,bit_23,6238,23762,0.7030851761021505,0.6115935336446333,0.07246748026918415,-0.019024162188333027,-0.09149164245751717,0.09149164245751717,0.6306176958329663
qed,24,bit_24,25083,4917,0.6189453293730705,0.6901617202205134,-0.011672366459895889,0.05954402438754702,0.07121639084744291,0.07121639084744291,0.6306176958329663
qed,25,bit_25,7722,22278,0.6666296624790337,0.6181352285360396,0.03601196664606732,-0.012482467296926703,-0.04849443394299402,0.04849443394299402,0.6306176958329663
qed,26,bit_26,13075,16925,0.6235659410072062,0.636065358719041,-0.007051754825760148,0.005447662886074678,0.012499417711834826,0.012499417711834826,0.6306176958329663
qed,27,bit_27,9416,20584,0.6155808854957472,0.6374961745608742,-0.015036810337219153,0.006878478727907811,0.021915289065126964,0.021915289065126964,0.6306176958329663
qed,28,bit_28,3874,26126,0.658302772246948,0.6265125137910248,0.027685076413981657,-0.004105182041941546,-0.031790258455923204,0.031790258455923204,0.6306176958329663
qed,29,bit_29,11618,18382,0.6010365488011672,0.6493139076823539,-0.02958114703179915,0.018696211849387523,0.04827735888118667,0.04827735888118667,0.6306176958329663
qed,30,bit_30,6968,23032,0.6312282386023841,0.6304329849082831,0.0006105427694177434,-0.00018471092468319572,-0.0007952536941009392,0.0007952536941009392,0.6306176958329663
qed,31,bit_31,12637,17363,0.6707145359621295,0.6014347338614042,0.04009684012916315,-0.029182961971562116,-0.06927980210072526,0.06927980210072526,0.6306176958329663
qed,32,bit_32,15761,14239,0.605404566411211,0.6585258447771539,-0.025213129421755354,0.027908148944187583,0.05312127836594294,0.05312127836594294,0.6306176958329663
qed,33,bit_33,18283,11717,0.596231208288092,0.6842737640913038,-0.03438648754487439,0.053656068258337464,0.08804255580321185,0.08804255580321185,0.6306176958329663
qed,34,bit_34,6678,23322,0.6169145310080676,0.6345414474280557,-0.01370316482489875,0.0039237515950893975,0.017626916419988148,0.017626916419988148,0.6306176958329663
qed,35,bit_35,16424,13576,0.6109684134591206,0.6543890433365052,-0.019649282373845778,0.02377134750353882,0.0434206298773846,0.0434206298773846,0.6306176958329663
qed,36,bit_36,12760,17240,0.5754248730874305,0.6714680681202655,-0.05519282274553583,0.04085037228729915,0.09604319503283498,0.09604319503283498,0.6306176958329663
qed,37,bit_37,20274,9726,0.6301975347077828,0.6314935283079786,-0.0004201611251835047,0.0008758324750122171,0.0012959936001957217,0.0012959936001957217,0.6306176958329663
qed,38,bit_38,3314,26686,0.6456670128317546,0.6287487969146577,0.015049316998788309,-0.001868898918308659,-0.016918215917096968,0.016918215917096968,0.6306176958329663
qed,39,bit_39,21286,8714,0.6383137711017808,0.6118182170434342,0.00769607526881444,-0.018799478789532142,-0.026495554058346582,0.026495554058346582,0.6306176958329663
qed,40,bit_40,14236,15764,0.6413951939989481,0.6208848574739891,0.010777498165981725,-0.009732838358977203,-0.020510336524958928,0.020510336524958928,0.6306176958329663
qed,41,bit_41,18580,11420,0.6296683042141383,0.6321623277311996,-0.0009493916188280105,0.001544631898233284,0.0024940235170612945,0.0024940235170612945,0.6306176958329663
qed,42,bit_42,14334,15666,0.6281080681974094,0.6329139426431332,-0.0025096276355569547,0.0022962468101668243,0.004805874445723779,0.004805874445723779,0.6306176958329663
qed,43,bit_43,14591,15409,0.6270243447973153,0.6340202907425118,-0.00359335103565106,0.00340259490954542,0.00699594594519648,0.00699594594519648,0.6306176958329663
qed,44,bit_44,5184,24816,0.6749909270471076,0.6213482394091225,0.04437323121414127,-0.009269456423843803,-0.053642687637985076,0.053642687637985076,0.6306176958329663
qed,45,bit_45,13831,16169,0.607251574649233,0.6506051299409642,-0.02336612118373338,0.01998743410799786,0.04335355529173124,0.04335355529173124,0.6306176958329663
qed,46,bit_46,19674,10326,0.6041163537358109,0.6811103749361462,-0.02650134209715549,0.050492679103179894,0.07699402120033538,0.07699402120033538,0.6306176958329663
qed,47,bit_47,21091,8909,0.6079848438553442,0.6841982863661382,-0.022632851977622104,0.05358059053317188,0.07621344251079398,0.07621344251079398,0.6306176958329663
qed,48,bit_48,19692,10308,0.6041561109337111,0.6811688725729872,-0.02646158489925521,0.05055117674002085,0.07701276163927606,0.07701276163927606,0.6306176958329663
qed,49,bit_49,27586,2414,0.6291496918575807,0.6473933203834995,-0.0014680039753856011,0.016775624550533164,0.018243628525918765,0.018243628525918765,0.6306176958329663
qed,50,bit_50,20388,9612,0.6177912415521108,0.6578238703937324,-0.012826454280855493,0.027206174560766017,0.04003262884162151,0.04003262884162151,0.6306176958329663
qed,51,bit_51,9860,20140,0.6914896812482608,0.6008164159821817,0.06087198541529448,-0.029801279850784623,-0.0906732652660791,0.0906732652660791,0.6306176958329663
qed,52,bit_52,19674,10326,0.636737349963281,0.6189579945585318,0.006119654130314678,-0.011659701274434497,-0.017779355404749175,0.017779355404749175,0.6306176958329663
qed,53,bit_53,16862,13138,0.6313794292814324,0.6296400470730306,0.0007617334484660843,-0.0009776487599357786,-0.0017393822084018629,0.0017393822084018629,0.6306176958329663
qed,54,bit_54,25071,4929,0.625924909759199,0.6544872108776855,-0.00469278607376733,0.023869515044719125,0.028562301118486455,0.028562301118486455,0.6306176958329663
qed,55,bit_55,23272,6728,0.6268139364074188,0.6437748137508237,-0.0038037594255475593,0.013157117917857342,0.0169608773434049,0.0169608773434049,0.6306176958329663
qed,56,bit_56,24634,5366,0.6164693183508368,0.6955694533608789,-0.014148377482129493,0.0649517575279126,0.0791001350100421,0.0791001350100421,0.6306176958329663
qed,57,bit_57,14531,15469,0.660921218995036,0.602151699642648,0.030303523162069634,-0.02846599619031831,-0.058769519352387944,0.058769519352387944,0.6306176958329663
qed,58,bit_58,16387,13613,0.5935918013213445,0.675188571713518,-0.03702589451162186,0.04457087588055164,0.0815967703921735,0.0815967703921735,0.6306176958329663
qed,59,bit_59,17531,12469,0.6105813249843919,0.6587881679916284,-0.02003637084857446,0.028170472158662085,0.048206843007236544,0.048206843007236544,0.6306176958329663
qed,60,bit_60,7351,22649,0.6865478296004619,0.6124649114572827,0.05593013376749556,-0.018152784375683684,-0.07408291814317924,0.07408291814317924,0.6306176958329663
qed,61,bit_61,10870,19130,0.658771571450304,0.6146201721549497,0.02815387561733762,-0.015997523678016656,-0.04415139929535428,0.04415139929535428,0.6306176958329663
qed,62,bit_62,16927,13073,0.6450000990584336,0.6119952725638249,0.014382403225467244,-0.01862242326914143,-0.033004826494608674,0.033004826494608674,0.6306176958329663
qed,63,bit_63,9878,20122,0.6842430345065624,0.6042927233939553,0.05362533867359609,-0.026324972439010996,-0.07995031111260709,0.07995031111260709,0.6306176958329663
qed,64,bit_64,11148,18852,0.6317775893754601,0.6299318007973351,0.001159893542493795,-0.0006858950356312121,-0.0018457885781250072,0.0018457885781250072,0.6306176958329663
qed,65,bit_65,5357,24643,0.6390742901644606,0.6287793654416254,0.00845659433149426,-0.0018383303913409588,-0.01029492472283522,0.01029492472283522,0.6306176958329663
qed,66,bit_66,12358,17642,0.6727966964728672,0.6010718342578675,0.04217900063990088,-0.029545861575098864,-0.07172486221499974,0.07172486221499974,0.6306176958329663
qed,67,bit_67,18478,11522,0.5952492452305559,0.6873385976062123,-0.03536845060241045,0.05672090177324596,0.09208935237565641,0.09208935237565641,0.6306176958329663
qed,68,bit_68,26084,3916,0.628758453240707,0.6430018847442257,-0.0018592425922593359,0.012384188911259364,0.0142434315035187,0.0142434315035187,0.6306176958329663
qed,69,bit_69,24563,5437,0.6272894205376786,0.6456540074162211,-0.003328275295287786,0.015036311583254802,0.018364586878542588,0.018364586878542588,0.6306176958329663
qed,70,bit_70,23127,6873,0.6310576304573791,0.6291373571076944,0.0004399346244127189,-0.001480338725271979,-0.001920273349684698,0.001920273349684698,0.6306176958329663
qed,71,bit_71,23730,6270,0.621782786069005,0.6640550815903516,-0.008834909763961396,0.03343738575738531,0.0422722955213467,0.0422722955213467,0.6306176958329663
qed,72,bit_72,11829,18171,0.6573627194506739,0.613207157922347,0.026745023617707586,-0.017410537910619306,-0.04415556152832689,0.04415556152832689,0.6306176958329663
qed,73,bit_73,9458,20542,0.6442338948209522,0.6243484907882594,0.013616198987985828,-0.00626920504470696,-0.01988540403269279,0.01988540403269279,0.6306176958329663
qed,74,bit_74,18348,11652,0.6253618401008848,0.6388939094419803,-0.005255855732081538,0.008276213609013983,0.01353206934109552,0.01353206934109552,0.6306176958329663
qed,75,bit_75,4989,25011,0.6748910872073738,0.6217863836276599,0.044273391374407445,-0.008831312205306419,-0.05310470357971386,0.05310470357971386,0.6306176958329663
qed,76,bit_76,23368,6632,0.6240536296158239,0.6537463296330545,-0.00656406621714245,0.023128633800088116,0.029692700017230567,0.029692700017230567,0.6306176958329663
qed,77,bit_77,29335,665,0.6303282536254271,0.6433857968226908,-0.00028944220753923666,0.012768100989724473,0.01305754319726371,0.01305754319726371,0.6306176958329663
qed,78,bit_78,15800,14200,0.6602136728679989,0.5976869608221554,0.029595977035032583,-0.032930735010810896,-0.06252671204584348,0.06252671204584348,0.6306176958329663
qed,79,bit_79,23847,6153,0.6222135719811797,0.6631893099226065,-0.008404123851786682,0.032571614089640155,0.04097573794142684,0.04097573794142684,0.6306176958329663
qed,80,bit_80,29988,12,0.6306738028347746,0.4904062983140003,5.610700180824768e-05,-0.14021139751896605,-0.1402675045207743,0.1402675045207743,0.6306176958329663
qed,81,bit_81,20181,9819,0.627474345489275,0.6370782267715582,-0.003143350343691287,0.006460530938591891,0.009603881282283178,0.009603881282283178,0.6306176958329663
qed,82,bit_82,14551,15449,0.6079117448093246,0.6520038239542048,-0.0227059510236417,0.021386128121238412,0.044092079144880114,0.044092079144880114,0.6306176958329663
qed,83,bit_83,9336,20664,0.6636838215093018,0.6156784125715326,0.03306612567633549,-0.014939283261433789,-0.04800540893776928,0.04800540893776928,0.6306176958329663
qed,84,bit_84,4747,25253,0.6883335262436662,0.6197684087399639,0.05771583041069983,-0.01084928709300248,-0.06856511750370231,0.06856511750370231,0.6306176958329663
qed,85,bit_85,21252,8748,0.6226174171410932,0.6500532151241972,-0.008000278691873142,0.019435519291230885,0.027435797983104027,0.027435797983104027,0.6306176958329663
qed,86,bit_86,9587,20413,0.6949430204711543,0.6004071982428861,0.06432532463818796,-0.03021049759008021,-0.09453582222826817,0.09453582222826817,0.6306176958329663
qed,87,bit_87,12673,17327,0.6127248113376611,0.6437045848044561,-0.01789288449530524,0.013086888971489796,0.030979773466795035,0.030979773466795035,0.6306176958329663
qed,88,bit_88,15380,14620,0.640171466343883,0.6205672860889241,0.00955377051091666,-0.010050409744042255,-0.019604180254958914,0.019604180254958914,0.6306176958329663
qed,89,bit_89,5012,24988,0.6527716420866609,0.6261741397811208,0.0221539462536946,-0.004443556051845543,-0.026597502305540144,0.026597502305540144,0.6306176958329663
qed,90,bit_90,11902,18098,0.6517838866481204,0.6166979255223263,0.02116619081515403,-0.013919770310640067,-0.035085961125794096,0.035085961125794096,0.6306176958329663
qed,91,bit_91,12526,17474,0.6514771543059894,0.6156648758242053,0.020859458473023063,-0.01495282000876108,-0.03581227848178414,0.03581227848178414,0.6306176958329663
qed,92,bit_92,16306,13694,0.6097165138842386,0.6555055790559805,-0.0209011819487277,0.024887883223014162,0.04578906517174186,0.04578906517174186,0.6306176958329663
qed,93,bit_93,7625,22375,0.6137764467974456,0.6363568924316634,-0.016841249035520756,0.005739196598697038,0.022580445634217794,0.022580445634217794,0.6306176958329663
qed,94,bit_94,12602,17398,0.6282908351849299,0.6323031250711866,-0.002326860648036444,0.0016854292382202374,0.004012289886256681,0.004012289886256681,0.6306176958329663
qed,95,bit_95,21918,8082,0.6224513089188869,0.6527645491344753,-0.008166386914079449,0.022146853301509006,0.030313240215588455,0.030313240215588455,0.6306176958329663
qed,96,bit_96,3416,26584,0.6105103063742298,0.6332014620980523,-0.02010738945873658,0.0025837662650859405,0.02269115572382252,0.02269115572382252,0.6306176958329663
qed,97,bit_97,22212,7788,0.6075220467522187,0.6964883375101065,-0.023095649080747682,0.06587064167714018,0.08896629075788787,0.08896629075788787,0.6306176958329663
qed,98,bit_98,14813,15187,0.6589703927943186,0.6029632216057649,0.02835269696135223,-0.027654474227201464,-0.056007171188553695,0.056007171188553695,0.6306176958329663
qed,99,bit_99,19537,10463,0.619012325913939,0.6522877820518365,-0.011605369919027386,0.02167008621887012,0.03327545613789751,0.03327545613789751,0.6306176958329663
qed,100,bit_100,7097,22903,0.69589383151694,0.6103904446017232,0.06527613568397361,-0.020227251231243137,-0.08550338691521675,0.08550338691521675,0.6306176958329663
qed,101,bit_101,7693,22307,0.690188134585054,0.610073678918105,0.05957043875208767,-0.020544016914861296,-0.08011445566694897,0.08011445566694897,0.6306176958329663
qed,102,bit_102,21517,8483,0.6225017432900263,0.6512036855614165,-0.008115952542940064,0.02058598972845016,0.028701942271390224,0.028701942271390224,0.6306176958329663
qed,103,bit_103,12339,17661,0.5922184637283011,0.657445628845789,-0.038399232104665226,0.026827933012822713,0.06522716511748794,0.06522716511748794,0.6306176958329663
qed,104,bit_104,13906,16094,0.6390088116210486,0.6233673630288734,0.00839111578808227,-0.007250332804092929,-0.0156414485921752,0.0156414485921752,0.6306176958329663
qed,105,bit_105,16464,13536,0.6134353437986169,0.6515167977754553,-0.01718235203434948,0.020899101942489007,0.038081453976838486,0.038081453976838486,0.6306176958329663
qed,106,bit_106,17349,12651,0.6204245984242598,0.6445960411767062,-0.010193097408706553,0.013978345343739873,0.024171442752446426,0.024171442752446426,0.6306176958329663
qed,107,bit_107,25579,4421,0.6348912485890225,0.6058917953699131,0.00427355275605612,-0.02472590046305323,-0.02899945321910935,0.02899945321910935,0.6306176958329663
qed,108,bit_108,9292,20708,0.6643419538363744,0.6154850994756326,0.03372425800340806,-0.015132596357333772,-0.04885685436074183,0.04885685436074183,0.6306176958329663
qed,109,bit_109,13652,16348,0.6486348103730536,0.6155718402114059,0.018017114540087253,-0.015045855621560467,-0.03306297016164772,0.03306297016164772,0.6306176958329663
qed,110,bit_110,12964,17036,0.6450313744684238,0.619649221435803,0.014413678635457505,-0.010968474397163308,-0.025382153032620813,0.025382153032620813,0.6306176958329663
qed,111,bit_111,16376,13624,0.6048440347546569,0.661597545643477,-0.025773661078309473,0.030979849810510607,0.05675351088882008,0.05675351088882008,0.6306176958329663
qed,112,bit_112,6931,23069,0.6509340076328337,0.6245137313314759,0.02031631179986737,-0.006103964501490422,-0.026420276301357792,0.026420276301357792,0.6306176958329663
qed,113,bit_113,22539,7461,0.6212072344831845,0.6590458406342977,-0.009410461349781851,0.02842814480133138,0.03783860615111323,0.03783860615111323,0.6306176958329663
qed,114,bit_114,5764,24236,0.6603862277553703,0.6235379046957847,0.029768531922403918,-0.007079791137181601,-0.03684832305958552,0.03684832305958552,0.6306176958329663
qed,115,bit_115,28757,1243,0.6310999047700209,0.6194617164259837,0.00048220893705452905,-0.011155979406982652,-0.011638188344037181,0.011638188344037181,0.6306176958329663
qed,116,bit_116,14519,15481,0.6433217627094324,0.6187030684200465,0.01270406687646608,-0.01191462741291982,-0.0246186942893859,0.0246186942893859,0.6306176958329663
qed,117,bit_117,21047,8953,0.6482599012962338,0.5891438325038708,0.017642205463267446,-0.04147386332909553,-0.059116068792362975,0.059116068792362975,0.6306176958329663
qed,118,bit_118,19573,10427,0.6043243826806007,0.6799740800596139,-0.026293313152365605,0.049356384226647565,0.07564969737901317,0.07564969737901317,0.6306176958329663
qed,119,bit_119,20011,9989,0.6295587684385613,0.6327390489303171,-0.0010589273944050515,0.002121353097350731,0.0031802804917557825,0.0031802804917557825,0.6306176958329663
qed,120,bit_120,21022,8978,0.6030207396870203,0.6952360086086486,-0.02759695614594604,0.06461831277568231,0.09221526892162835,0.09221526892162835,0.6306176958329663
qed,121,bit_121,10168,19832,0.6714963642373983,0.6096589271592944,0.040878668404431995,-0.020958768673671968,-0.06183743707810396,0.06183743707810396,0.6306176958329663
qed,122,bit_122,17492,12508,0.6228808429421744,0.6414374136748062,-0.0077368528907919565,0.010819717841839882,0.01855657073263184,0.01855657073263184,0.6306176958329663
qed,123,bit_123,18087,11913,0.6254228280783196,0.6385048420663496,-0.005194867754646726,0.007887146233383269,0.013082013988029995,0.013082013988029995,0.6306176958329663
qed,124,bit_124,8492,21508,0.6775782797358362,0.6120762564381752,0.046960583902869835,-0.018541439394791137,-0.06550202329766097,0.06550202329766097,0.6306176958329663
qed,125,bit_125,24565,5435,0.6177558839703401,0.6887502456775687,-0.012861811862626249,0.058132549844602366,0.07099436170722861,0.07099436170722861,0.6306176958329663
qed,126,bit_126,18979,11021,0.6193466678848809,0.6500272629708588,-0.011271027948085433,0.019409567137892436,0.03068059508597787,0.03068059508597787,0.6306176958329663
qed,127,bit_127,8029,21971,0.657691229756484,0.6207240449353321,0.027073533923517634,-0.009893650897634276,-0.03696718482115191,0.03696718482115191,0.6306176958329663
score_sa,0,bit_0,22907,7093,0.12361197680551464,0.11318733022222083,0.002464733940510111,-0.0079599126427837,-0.010424646583293812,0.010424646583293812,0.12114724286500453
score_sa,1,bit_1,24699,5301,0.12132841104223048,0.12030312424412104,0.00018116817722595158,-0.0008441186208834883,-0.00102528679810944,0.00102528679810944,0.12114724286500453
score_sa,2,bit_2,21548,8452,0.12023422813267708,0.12347493352427953,-0.0009130147323274523,0.002327690659275003,0.0032407053916024553,0.0032407053916024553,0.12114724286500453
score_sa,3,bit_3,10708,19292,0.11855138592009537,0.12258806995219548,-0.0025958569449091584,0.0014408270871909545,0.004036684032100113,0.004036684032100113,0.12114724286500453
score_sa,4,bit_4,10454,19546,0.12074624423969434,0.12136171332591689,-0.00040099862531019215,0.00021447046091235822,0.0006154690862225504,0.0006154690862225504,0.12114724286500453
score_sa,5,bit_5,24963,5037,0.12311511613171644,0.11139460828947755,0.0019678732667119114,-0.009752634575526983,-0.011720507842238895,0.011720507842238895,0.12114724286500453
score_sa,6,bit_6,16532,13468,0.12287852359136013,0.11902209191697137,0.0017312807263556024,-0.002125150948033158,-0.0038564316743887606,0.0038564316743887606,0.12114724286500453
score_sa,7,bit_7,10449,19551,0.11352318609454254,0.12522190754683957,-0.00762405677046199,0.0040746646818350385,0.011698721452297028,0.011698721452297028,0.12114724286500453
score_sa,8,bit_8,4459,25541,0.1251680531729041,0.12044528158068032,0.0040208103078995805,-0.000701961284324204,-0.0047227715922237845,0.0047227715922237845,0.12114724286500453
score_sa,9,bit_9,25062,4938,0.12077301592219593,0.12304656964521293,-0.00037422694280860036,0.0018993267802084046,0.002273553723017005,0.002273553723017005,0.12114724286500453
score_sa,10,bit_10,19739,10261,0.12244101815066662,0.11865841815360371,0.0012937752856620882,-0.002488824711400814,-0.003782599997062902,0.003782599997062902,0.12114724286500453
score_sa,11,bit_11,25186,4814,0.12051116910216313,0.12447506874596084,-0.000636073762841402,0.0033278258809563144,0.003963899643797716,0.003963899643797716,0.12114724286500453
score_sa,12,bit_12,21495,8505,0.12444428486167988,0.11281450709562932,0.003297041996675354,-0.00833273576937521,-0.011629777766050564,0.011629777766050564,0.12114724286500453
score_sa,13,bit_13,18620,11380,0.12081717391187646,0.12168730296230196,-0.0003300689531280654,0.000540060097297429,0.0008701290504254944,0.0008701290504254944,0.12114724286500453
score_sa,14,bit_14,14193,15807,0.11742764172155,0.12448704795319648,-0.003719601143454529,0.003339805088191955,0.007059406231646484,0.007059406231646484,0.12114724286500453
score_sa,15,bit_15,23343,6657,0.12323945835886596,0.1138108171066739,0.0020922154938614324,-0.007336425758330628,-0.00942864125219206,0.00942864125219206,0.12114724286500453
score_sa,16,bit_16,10727,19273,0.11489154091231636,0.12462905238331959,-0.006255701952688167,0.00348180951831506,0.009737511471003227,0.009737511471003227,0.12114724286500453
score_sa,17,bit_17,7513,22487,0.11293585069931152,0.12389070305715343,-0.008211392165693013,0.002743460192148897,0.01095485235784191,0.01095485235784191,0.12114724286500453
score_sa,18,bit_18,14701,15299,0.11784018058942043,0.12432504027093706,-0.0033070622755840967,0.0031777974059325337,0.00648485968151663,0.00648485968151663,0.12114724286500453
score_sa,19,bit_19,18956,11044,0.12099851917645522,0.12140251325980177,-0.0001487236885493043,0.00025527039479723845,0.00040399408334654274,0.00040399408334654274,0.12114724286500453
score_sa,20,bit_20,8294,21706,0.12164580782486009,0.12095673803790412,0.000498564959855563,-0.00019050482710041006,-0.0006890697869559731,0.0006890697869559731,0.12114724286500453
score_sa,21,bit_21,5852,24148,0.12462458903162411,0.12030454658510319,0.0034773461666195854,-0.0008426962799013421,-0.0043200424465209275,0.0043200424465209275,0.12114724286500453
score_sa,22,bit_22,12354,17646,0.12121771292301796,0.12109790663601792,7.047005801343043e-05,-4.93362289866045e-05,-0.00011980628700003493,0.00011980628700003493,0.12114724286500453
score_sa,23,bit_23,6238,23762,0.11347175106823082,0.12316221289396988,-0.007675491796773709,0.002014970028965349,0.009690461825739058,0.009690461825739058,0.12114724286500453
score_sa,24,bit_24,25083,4917,0.12284242928911118,0.1124996201121335,0.0016951864241066539,-0.008647622752871023,-0.010342809176977677,0.010342809176977677,0.12114724286500453
score_sa,25,bit_25,7722,22278,0.12144850536567278,0.12104281926189113,0.00030126250066825344,-0.00010442360311339882,-0.00040568610378165226,0.00040568610378165226,0.12114724286500453
score_sa,26,bit_26,13075,16925,0.12007695963764121,0.12197406432425273,-0.001070283227363314,0.0008268214592482004,0.0018971046866115143,0.0018971046866115143,0.12114724286500453
score_sa,27,bit_27,9416,20584,0.12243771873360935,0.12055692413303878,0.0012904758686048262,-0.0005903187319657444,-0.0018807946005705706,0.0018807946005705706,0.12114724286500453
score_sa,28,bit_28,3874,26126,0.11940935403693985,0.12140493946302654,-0.0017378888280646793,0.0002576965980220086,0.001995585426086688,0.001995585426086688,0.12114724286500453
score_sa,29,bit_29,11618,18382,0.1251895363533391,0.11859238671510403,0.00404229348833457,-0.002554856149900503,-0.0065971496382350725,0.0065971496382350725,0.12114724286500453
score_sa,30,bit_30,6968,23032,0.12217176456118019,0.12083728857623448,0.0010245216961756592,-0.0003099542887700507,-0.00133447598494571,0.00133447598494571,0.12114724286500453
score_sa,31,bit_31,12637,17363,0.12041303136715645,0.12168161081399415,-0.0007342114978480807,0.0005343679489896169,0.0012685794468376976,0.0012685794468376976,0.12114724286500453
score_sa,32,bit_32,15761,14239,0.12073870967404945,0.12159944397622323,-0.0004085331909550738,0.0004522011112187002,0.000860734302173774,0.000860734302173774,0.12114724286500453
score_sa,33,bit_33,18283,11717,0.12291158444657917,0.11839419540098395,0.0017643415815746383,-0.0027530474640205804,-0.004517389045595219,0.004517389045595219,0.12114724286500453
score_sa,34,bit_34,6678,23322,0.12351879303479782,0.12046817537362817,0.0023715501697932906,-0.0006790674913763617,-0.0030506176611696523,0.0030506176611696523,0.12114724286500453
score_sa,35,bit_35,16424,13576,0.12385718429102564,0.11786880459298255,0.0027099414260211147,-0.003278438272021983,-0.0059883796980430976,0.0059883796980430976,0.12114724286500453
score_sa,36,bit_36,12760,17240,0.12447497638510194,0.11868425680256585,0.003327733520097409,-0.0024629860624386796,-0.0057907195825360885,0.0057907195825360885,0.12114724286500453
score_sa,37,bit_37,20274,9726,0.12075032857044751,0.12197461695587943,-0.0003969142945570159,0.0008273740908748967,0.0012242883854319125,0.0012242883854319125,0.12114724286500453
score_sa,38,bit_38,3314,26686,0.12267022154019551,0.12095811181015995,0.0015229786751909807,-0.00018913105484458237,-0.001712109730035563,0.001712109730035563,0.12114724286500453
score_sa,39,bit_39,21286,8714,0.12071585754522428,0.12220100324104799,-0.0004313853197802503,0.001053760376043461,0.0014851456958237114,0.0014851456958237114,0.12114724286500453
score_sa,40,bit_40,14236,15764,0.11821401181638919,0.12379615666912076,-0.0029332310486153423,0.0026489138041162347,0.005582144852731577,0.005582144852731577,0.12114724286500453
score_sa,41,bit_41,18580,11420,0.12085648017808202,0.12162030509994501,-0.00029076268692250495,0.00047306223494048005,0.000763824921862985,0.000763824921862985,0.12114724286500453
score_sa,42,bit_42,14334,15666,0.12325300921683352,0.11922051907545285,0.0021057663518289915,-0.0019267237895516792,-0.004032490141380671,0.004032490141380671,0.12114724286500453
score_sa,43,bit_43,14591,15409,0.12095932581504308,0.12132518417696428,-0.00018791704996144742,0.0001779413119597506,0.00036585836192119803,0.00036585836192119803,0.12114724286500453
score_sa,44,bit_44,5184,24816,0.1174766645070639,0.1219140174542842,-0.0036705783579406293,0.0007667745892796646,0.004437352947220294,0.004437352947220294,0.12114724286500453
score_sa,45,bit_45,13831,16169,0.12429945062175625,0.11845083705860754,0.003152207756751721,-0.00269640580639699,-0.005848613563148711,0.005848613563148711,0.12114724286500453
score_sa,46,bit_46,19674,10326,0.1252329716614703,0.11336275435622402,0.004085728796465765,-0.00778448850878051,-0.011870217305246275,0.011870217305246275,0.12114724286500453
score_sa,47,bit_47,21091,8909,0.12326868270261299,0.11612498586478008,0.0021214398376084576,-0.005022257000224448,-0.007143696837832905,0.007143696837832905,0.12114724286500453
score_sa,48,bit_48,19692,10308,0.12522678522535877,0.11335384471210433,0.004079542360354238,-0.0077933981529001994,-0.011872940513254437,0.011872940513254437,0.12114724286500453
score_sa,49,bit_49,27586,2414,0.12098572661956275,0.12299297076341259,-0.00016151624544177845,0.0018457278984080616,0.00200724414384984,0.00200724414384984,0.12114724286500453
score_sa,50,bit_50,20388,9612,0.12225780200231964,0.11879163740395793,0.0011105591373151147,-0.0023556054610466004,-0.003466164598361715,0.003466164598361715,0.12114724286500453
score_sa,51,bit_51,9860,20140,0.11599802841990864,0.12366815917228585,-0.00514921444509589,0.0025209163072813234,0.007670130752377213,0.007670130752377213,0.12114724286500453
score_sa,52,bit_52,19674,10326,0.1203610385442816,0.12264518822680032,-0.000786204320722933,0.0014979453617957883,0.0022841496825187213,0.0022841496825187213,0.12114724286500453
score_sa,53,bit_53,16862,13138,0.12144132196371801,0.12076980628694801,0.0002940790987134845,-0.0003774365780565142,-0.0006715156767699987,0.0006715156767699987,0.12114724286500453
score_sa,54,bit_54,25071,4929,0.12100899221258739,0.12185044475316656,-0.00013825065241714063,0.0007032018881620306,0.0008414525405791712,0.0008414525405791712,0.12114724286500453
score_sa,55,bit_55,23272,6728,0.12093985262184448,0.12186460103070326,-0.0002073902431600494,0.0007173581656987338,0.0009247484088587832,0.0009247484088587832,0.12114724286500453
score_sa,56,bit_56,24634,5366,0.12281005261504545,0.11351368800430602,0.0016628097500409195,-0.007633554860698513,-0.009296364610739433,0.009296364610739433,0.12114724286500453
score_sa,57,bit_57,14531,15469,0.11818667248044441,0.12392829194755954,-0.0029605703845601156,0.002781049082555012,0.005741619467115128,0.005741619467115128,0.12114724286500453
score_sa,58,bit_58,16387,13613,0.12322531744230408,0.1186457069729743,0.0020780745772995546,-0.0025015358920302266,-0.004579610469329781,0.004579610469329781,0.12114724286500453
score_sa,59,bit_59,17531,12469,0.12458435537417964,0.11631477679728869,0.003437112509175111,-0.00483246606771584,-0.008269578576890951,0.008269578576890951,0.12114724286500453
score_sa,60,bit_60,7351,22649,0.11489170628938687,0.12317755101844909,-0.006255536575617657,0.002030308153444557,0.008285844729062214,0.008285844729062214,0.12114724286500453
score_sa,61,bit_61,10870,19130,0.11668036715660009,0.12368539963188149,-0.004466875708404441,0.0025381567668769645,0.007005032475281406,0.007005032475281406,0.12114724286500453
score_sa,62,bit_62,16927,13073,0.118756421225208,0.12424289328165229,-0.0023908216397965226,0.0030956504166477633,0.005486472056444286,0.005486472056444286,0.12114724286500453
score_sa,63,bit_63,9878,20122,0.11326081190439731,0.12501873501433752,-0.007886430960607219,0.0038714921493329946,0.011757923109940213,0.011757923109940213,0.12114724286500453
score_sa,64,bit_64,11148,18852,0.11913096412279299,0.12233955537392531,-0.0020162787422115386,0.0011923125089207814,0.00320859125113232,0.00320859125113232,0.12114724286500453
score_sa,65,bit_65,5357,24643,0.12144453363014192,0.12108261653587088,0.0002972907651373896,-6.462632913364907e-05,-0.0003619170942710387,0.0003619170942710387,0.12114724286500453
score_sa,66,bit_66,12358,17642,0.11576158988586964,0.1249198253112209,-0.005385652979134889,0.003772582446216366,0.009158235425351255,0.009158235425351255,0.12114724286500453
score_sa,67,bit_67,18478,11522,0.12386264257669344,0.11679251661326116,0.0027153997116889095,-0.0043547262517433655,-0.007070125963432275,0.007070125963432275,0.12114724286500453
score_sa,68,bit_68,26084,3916,0.12116420248127256,0.12103427692252866,1.695961626803355e-05,-0.00011296594247586778,-0.00012992555874390133,0.00012992555874390133,0.12114724286500453
score_sa,69,bit_69,24563,5437,0.12151562489082067,0.11948298542521761,0.0003683820258161413,-0.0016642574397869175,-0.002032639465603059,0.002032639465603059,0.12114724286500453
score_sa,70,bit_70,23127,6873,0.1213093285430836,0.12060183976927712,0.00016208567807907137,-0.000545403095727412,-0.0007074887738064833,0.0007074887738064833,0.12114724286500453
score_sa,71,bit_71,23730,6270,0.12211544144347998,0.11748291235986534,0.0009681985784754515,-0.003664330505139188,-0.004632529083614639,0.004632529083614639,0.12114724286500453
score_sa,72,bit_72,11829,18171,0.11866975377964409,0.12276004449346353,-0.0024774890853604403,0.001612801628459004,0.004090290713819444,0.004090290713819444,0.12114724286500453
score_sa,73,bit_73,9458,20542,0.11894948955699974,0.12215913804498259,-0.002197753308004785,0.001011895179978059,0.003209648487982844,0.003209648487982844,0.12114724286500453
score_sa,74,bit_74,18348,11652,0.12290628654255889,0.11837733783618824,0.0017590436775543616,-0.0027699050288162858,-0.004528948706370647,0.004528948706370647,0.12114724286500453
score_sa,75,bit_75,4989,25011,0.1149832157067299,0.12237679512171686,-0.006164027158274632,0.0012295522567123268,0.007393579414986959,0.007393579414986959,0.12114724286500453
score_sa,76,bit_76,23368,6632,0.12113819030837654,0.12117913975030058,-9.052556627989206e-06,3.189688529604828e-05,4.094944192403749e-05,4.094944192403749e-05,0.12114724286500453
score_sa,77,bit_77,29335,665,0.12101830374322477,0.12683510622953034,-0.0001289391217797614,0.005687863364525814,0.005816802486305575,0.005816802486305575,0.12114724286500453
score_sa,78,bit_78,15800,14200,0.11783336144615895,0.12483451937329752,-0.003313881418845574,0.0036872765082929942,0.007001157927138568,0.007001157927138568,0.12114724286500453
score_sa,79,bit_79,23847,6153,0.12218337104479172,0.11713155154314768,0.0010361281797871963,-0.0040156913218568485,-0.005051819501644045,0.005051819501644045,0.12114724286500453
score_sa,80,bit_80,29988,12,0.1211458437783779,0.12464356034494763,-1.3990866266216928e-06,0.003496317479943098,0.0034977165665697196,0.0034977165665697196,0.12114724286500453
score_sa,81,bit_81,20181,9819,0.12042489890619652,0.12263187708770588,-0.0007223439588080055,0.001484634222701356,0.0022069781815093614,0.0022069781815093614,0.12114724286500453
score_sa,82,bit_82,14551,15449,0.12267590116390376,0.11970744048897486,0.001528658298899227,-0.0014398023760296697,-0.0029684606749288966,0.0029684606749288966,0.12114724286500453
score_sa,83,bit_83,9336,20664,0.12056489260710491,0.12141034884679656,-0.0005823502578996137,0.00026310598179203615,0.0008454562396916498,0.0008454562396916498,0.12114724286500453
score_sa,84,bit_84,4747,25253,0.11404180712038106,0.12248290609233307,-0.007105435744623467,0.0013356632273285457,0.008441098971952013,0.008441098971952013,0.12114724286500453
score_sa,85,bit_85,21252,8748,0.12215142751603295,0.11870772157972152,0.001004184651028417,-0.0024395212852830056,-0.0034437059363114225,0.0034437059363114225,0.12114724286500453
score_sa,86,bit_86,9587,20413,0.11614380009352383,0.12349711823120182,-0.005003442771480696,0.002349875366197296,0.007353318137677992,0.007353318137677992,0.12114724286500453
score_sa,87,bit_87,12673,17327,0.12370851981374498,0.11927392014489213,0.0025612769487404485,-0.001873322720112397,-0.0044345996688528455,0.0044345996688528455,0.12114724286500453
score_sa,88,bit_88,15380,14620,0.12076034760125265,0.12155425033124967,-0.00038689526375187966,0.0004070074662451406,0.0007939027299970203,0.0007939027299970203,0.12114724286500453
score_sa,89,bit_89,5012,24988,0.12120288718827621,0.12113608193382809,5.5644323271680785e-05,-1.1160931176437683e-05,-6.680525444811847e-05,6.680525444811847e-05,0.12114724286500453
score_sa,90,bit_90,11902,18098,0.12289957450402422,0.11999483645724608,0.0017523316390196941,-0.0011524064077584467,-0.002904738046778141,0.002904738046778141,0.12114724286500453
score_sa,91,bit_91,12526,17474,0.11718443398413868,0.1239879286863234,-0.003962808880865851,0.0028406858213188696,0.00680349470218472,0.00680349470218472,0.12114724286500453
score_sa,92,bit_92,16306,13694,0.12423387480712034,0.1174718652946715,0.0030866319421158084,-0.0036753775703330244,-0.006762009512448833,0.006762009512448833,0.12114724286500453
score_sa,93,bit_93,7625,22375,0.12532952288093616,0.11972199660259208,0.004182280015931628,-0.001425246262412444,-0.005607526278344072,0.005607526278344072,0.12114724286500453
score_sa,94,bit_94,12602,17398,0.12301540551455206,0.11979406516011905,0.0018681626495475334,-0.0013531777048854804,-0.003221340354433014,0.003221340354433014,0.12114724286500453
score_sa,95,bit_95,21918,8082,0.12106590160983846,0.12136783648424851,-8.13412551660675e-05,0.00022059361924398058,0.00030193487441004807,0.00030193487441004807,0.12114724286500453
score_sa,96,bit_96,3416,26584,0.12377106727647387,0.12081008577090359,0.0026238244114693415,-0.00033715709410093997,-0.0029609815055702815,0.0029609815055702815,0.12114724286500453
score_sa,97,bit_97,22212,7788,0.12410796288110111,0.11270303215653807,0.0029607200160965824,-0.00844421070846646,-0.011404930724563042,0.011404930724563042,0.12114724286500453
score_sa,98,bit_98,14813,15187,0.12037274218386357,0.12190267044054555,-0.0007745006811409605,0.0007554275755410206,0.001529928256681981,0.001529928256681981,0.12114724286500453
score_sa,99,bit_99,19537,10463,0.12045584376598023,0.1224382554042034,-0.000691399099024298,0.0012910125391988742,0.001982411638223172,0.001982411638223172,0.12114724286500453
score_sa,100,bit_100,7097,22903,0.1131794580346312,0.1236162368370239,-0.007967784830373331,0.0024689939720193704,0.010436778802392702,0.010436778802392702,0.12114724286500453
score_sa,101,bit_101,7693,22307,0.11309012115205827,0.12392589697975308,-0.008057121712946258,0.0027786541147485494,0.010835775827694807,0.010835775827694807,0.12114724286500453
score_sa,102,bit_102,21517,8483,0.12023050211537409,0.12347254178163762,-0.0009167407496304403,0.0023252989166330923,0.0032420396662635326,0.0032420396662635326,0.12114724286500453
score_sa,103,bit_103,12339,17661,0.12450862917826286,0.11879878322402755,0.00336138631325833,-0.002348459640976977,-0.005709845954235307,0.005709845954235307,0.12114724286500453
score_sa,104,bit_104,13906,16094,0.12041042895467527,0.12178388597653919,-0.0007368139103292592,0.0006366431115346627,0.001373457021863922,0.001373457021863922,0.12114724286500453
score_sa,105,bit_105,16464,13536,0.12424295705992142,0.11738188836551343,0.0030957141949168876,-0.0037653544994911,-0.006861068694407987,0.006861068694407987,0.12114724286500453
score_sa,106,bit_106,17349,12651,0.12065133329577607,0.12182731045780706,-0.0004959095692284587,0.0006800675928025357,0.0011759771620309944,0.0011759771620309944,0.12114724286500453
score_sa,107,bit_107,25579,4421,0.12098261613662901,0.12209973937826336,-0.00016462672837551373,0.0009524965132588353,0.001117123241634349,0.001117123241634349,0.12114724286500453
score_sa,108,bit_108,9292,20708,0.11675056861208129,0.12312009862887177,-0.004396674252923241,0.001972855763867243,0.006369530016790484,0.006369530016790484,0.12114724286500453
score_sa,109,bit_109,13652,16348,0.12292448429969566,0.11966309189446359,0.0017772414346911292,-0.0014841509705409428,-0.003261392405232072,0.003261392405232072,0.12114724286500453
score_sa,110,bit_110,12964,17036,0.12357096128190273,0.11930284948882068,0.0024237184168982018,-0.0018443933761838477,-0.0042681117930820495,0.0042681117930820495,0.12114724286500453
score_sa,111,bit_111,16376,13624,0.12015799884926866,0.12233631068662013,-0.0009892440157358712,0.001189067821615597,0.002178311837351468,0.002178311837351468,0.12114724286500453
score_sa,112,bit_112,6931,23069,0.11960112650565333,0.12161176809308825,-0.0015461163593512017,0.00046452522808372587,0.0020106415874349276,0.0020106415874349276,0.12114724286500453
score_sa,113,bit_113,22539,7461,0.12165925846818346,0.11960049046183475,0.000512015603178928,-0.0015467524031697738,-0.002058768006348702,0.002058768006348702,0.12114724286500453
score_sa,114,bit_114,5764,24236,0.11933928887570015,0.12157722499053476,-0.0018079539893043756,0.0004299821255302344,0.00223793611483461,0.00223793611483461,0.12114724286500453
score_sa,115,bit_115,28757,1243,0.12094715659941552,0.1257762700086435,-0.00020008626558901121,0.00462902714363897,0.004829113409227981,0.004829113409227981,0.12114724286500453
score_sa,116,bit_116,14519,15481,0.12320864838586305,0.11921393450266718,0.0020614055208585252,-0.0019333083623373493,-0.0039947138831958745,0.0039947138831958745,0.12114724286500453
score_sa,117,bit_117,21047,8953,0.11914098584608447,0.1258636163126992,-0.0020062570189200574,0.004716373447694683,0.00672263046661474,0.00672263046661474,0.12114724286500453
score_sa,118,bit_118,19573,10427,0.12523327865331768,0.11347715765500614,0.004086035788313153,-0.007670085209998387,-0.01175612099831154,0.01175612099831154,0.12114724286500453
score_sa,119,bit_119,20011,9989,0.12049936181380148,0.12244514532927767,-0.0006478810512030447,0.0012979024642731374,0.0019457835154761821,0.0019457835154761821,0.12114724286500453
score_sa,120,bit_120,21022,8978,0.1236640275058391,0.11525418798422658,0.002516784640834574,-0.005893054880777945,-0.00840983952161252,0.00840983952161252,0.12114724286500453
score_sa,121,bit_121,10168,19832,0.1151152300722936,0.12423989645900842,-0.006032012792710928,0.0030926535940038885,0.009124666386714816,0.009124666386714816,0.12114724286500453
score_sa,122,bit_122,17492,12508,0.12295564538110415,0.11861825527213485,0.001808402516099622,-0.0025289875928696803,-0.004337390108969302,0.004337390108969302,0.12114724286500453
score_sa,123,bit_123,18087,11913,0.12368686722057323,0.11729143948053622,0.0025396243555687037,-0.0038558033844683093,-0.006395427740037013,0.006395427740037013,0.12114724286500453
score_sa,124,bit_124,8492,21508,0.11824408620140943,0.12229349571916344,-0.0029031566635950995,0.0011462528541589107,0.00404940951775401,0.00404940951775401,0.12114724286500453
score_sa,125,bit_125,24565,5435,0.12304119111948597,0.11258701492179637,0.0018939482544814423,-0.008560227943208154,-0.010454176197689596,0.010454176197689596,0.12114724286500453
score_sa,126,bit_126,18979,11021,0.12301182147359466,0.11793629672468774,0.0018645786085901284,-0.003210946140316792,-0.0050755247489069205,0.0050755247489069205,0.12114724286500453
score_sa,127,bit_127,8029,21971,0.12320447675514415,0.12039545501265685,0.0020572338901396203,-0.0007517878523476823,-0.0028090217424873026,0.0028090217424873026,0.12114724286500453
score_logp,0,bit_0,22907,7093,0.05469772408770362,0.06126152019676469,-0.0015519001933856705,0.005011895915675399,0.006563796109061069,0.006563796109061069,0.05624962428108929
score_logp,1,bit_1,24699,5301,0.052770153524949286,0.07246155565364201,-0.003479470756140003,0.016211931372552724,0.019691402128692727,0.019691402128692727,0.05624962428108929
score_logp,2,bit_2,21548,8452,0.05587651368308199,0.05720085324060911,-0.00037311059800729934,0.0009512289595198231,0.0013243395575271225,0.0013243395575271225,0.05624962428108929
score_logp,3,bit_3,10708,19292,0.0660466036869697,0.05081182335437525,0.00979697940588041,-0.005437800926714038,-0.015234780332594448,0.015234780332594448,0.05624962428108929
score_logp,4,bit_4,10454,19546,0.07357285279570801,0.04698445335651014,0.01732322851461872,-0.009265170924579146,-0.026588399439197864,0.026588399439197864,0.05624962428108929
score_logp,5,bit_5,24963,5037,0.0548594245648651,0.06313935140360352,-0.0013901997162241858,0.006889727122514233,0.008279926838738419,0.008279926838738419,0.05624962428108929
score_logp,6,bit_6,16532,13468,0.06008321334351105,0.051543885167638394,0.0038335890624217606,-0.004705739113450895,-0.008539328175872656,0.008539328175872656,0.05624962428108929
score_logp,7,bit_7,10449,19551,0.054828027201354455,0.05700939451719739,-0.0014215970797348335,0.0007597702361080982,0.0021813673158429317,0.0021813673158429317,0.05624962428108929
score_logp,8,bit_8,4459,25541,0.06993609024969967,0.053860213069545755,0.013686465968610381,-0.0023894112115435337,-0.016075877180153915,0.016075877180153915,0.05624962428108929
score_logp,9,bit_9,25062,4938,0.055535046851374205,0.05987634350820945,-0.0007145774297150839,0.0036267192271201634,0.004341296656835247,0.004341296656835247,0.05624962428108929
score_logp,10,bit_10,19739,10261,0.05193685404982729,0.0645460643546572,-0.004312770231261996,0.008296440073567918,0.012609210304829914,0.012609210304829914,0.05624962428108929
score_logp,11,bit_11,25186,4814,0.054046961155526055,0.06777356974856655,-0.002202663125563234,0.011523945467477259,0.013726608593040493,0.013726608593040493,0.05624962428108929
score_logp,12,bit_12,21495,8505,0.05441458258401864,0.06088739280296271,-0.0018350416970706468,0.00463776852187342,0.006472810218944067,0.006472810218944067,0.05624962428108929
score_logp,13,bit_13,18620,11380,0.05444302698718662,0.05920558575845903,-0.0018065972939026662,0.002955961477369741,0.004762558771272407,0.004762558771272407,0.05624962428108929
score_logp,14,bit_14,14193,15807,0.0462674217865036,0.06521257740348156,-0.009982202494585687,0.008962953122392273,0.01894515561697796,0.01894515561697796,0.05624962428108929
score_logp,15,bit_15,23343,6657,0.056966957010305026,0.05373427233605655,0.0007173327292157375,-0.0025153519450327386,-0.003232684674248476,0.003232684674248476,0.05624962428108929
score_logp,16,bit_16,10727,19273,0.055047531488827954,0.056918687186842794,-0.0012020927922613348,0.000669062905753505,0.0018711556980148397,0.0018711556980148397,0.05624962428108929
score_logp,17,bit_17,7513,22487,0.06041518282221218,0.05485789388933156,0.004165558541122889,-0.0013917303917577312,-0.0055572889328806205,0.0055572889328806205,0.05624962428108929
score_logp,18,bit_18,14701,15299,0.06361469830290678,0.04917243275257508,0.0073650740218174915,-0.007077191528514208,-0.0144422655503317,0.0144422655503317,0.05624962428108929
score_logp,19,bit_19,18956,11044,0.04756121713526798,0.07116246798411255,-0.008688407145821309,0.01491284370302326,0.023601250848844568,0.023601250848844568,0.05624962428108929
score_logp,20,bit_20,8294,21706,0.07557706834567383,0.048864485560382365,0.019327444064584545,-0.007385138720706924,-0.02671258278529147,0.02671258278529147,0.05624962428108929
score_logp,21,bit_21,5852,24148,0.07375518361936081,0.05200734611115534,0.017505559338271526,-0.004242278169933951,-0.021747837508205477,0.021747837508205477,0.05624962428108929
score_logp,22,bit_22,12354,17646,0.04849853104707833,0.06167618020384637,-0.007751093234010957,0.005426555922757079,0.013177649156768036,0.013177649156768036,0.05624962428108929
score_logp,23,bit_23,6238,23762,0.06466044629230029,0.054041615371656825,0.008410822011211003,-0.0022080089094324643,-0.010618830920643467,0.010618830920643467,0.05624962428108929
score_logp,24,bit_24,25083,4917,0.05624811689400926,0.05625731388656587,-1.5073870800255684e-06,7.68960547658376e-06,9.196992556609329e-06,9.196992556609329e-06,0.05624962428108929
score_logp,25,bit_25,7722,22278,0.0703754562947823,0.05135332861676856,0.01412583201369301,-0.004896295664320732,-0.019022127678013742,0.019022127678013742,0.05624962428108929
score_logp,26,bit_26,13075,16925,0.04679597458450759,0.06355281304225949,-0.009453649696581697,0.0073031887611701984,0.016756838457751895,0.016756838457751895,0.05624962428108929
score_logp,27,bit_27,9416,20584,0.061165288640132646,0.05400098963258792,0.004915664359043358,-0.00224863464850137,-0.007164299007544728,0.007164299007544728,0.05624962428108929
score_logp,28,bit_28,3874,26126,0.05746064054594848,0.056070053087256926,0.0012110162648591924,-0.00017957119383236325,-0.0013905874586915556,0.0013905874586915556,0.05624962428108929
score_logp,29,bit_29,11618,18382,0.05760514357518431,0.05539289361202194,0.0013555192940950186,-0.0008567306690673501,-0.0022122499631623688,0.0022122499631623688,0.05624962428108929
score_logp,30,bit_30,6968,23032,0.06127482852044354,0.05472932108814814,0.00502520423935425,-0.0015203031929411498,-0.0065455074322954,0.0065455074322954,0.05624962428108929
score_logp,31,bit_31,12637,17363,0.06887920421101777,0.047057664275646324,0.012629579929928483,-0.009191960005442965,-0.021821539935371448,0.021821539935371448,0.05624962428108929
score_logp,32,bit_32,15761,14239,0.046776184323273406,0.06673567577172318,-0.009473439957815882,0.01048605149063389,0.019959491448449773,0.019959491448449773,0.05624962428108929
score_logp,33,bit_33,18283,11717,0.049543336291280014,0.06671399769729507,-0.0067062879898092745,0.010464373416205777,0.01717066140601505,0.01717066140601505,0.05624962428108929
score_logp,34,bit_34,6678,23322,0.06558212772743768,0.05357736383967284,0.009332503446348395,-0.0026722604414164478,-0.012004763887764842,0.012004763887764842,0.05624962428108929
score_logp,35,bit_35,16424,13576,0.0595380998485298,0.052271285836802094,0.0032884755674405103,-0.003978338444287195,-0.0072668140117277055,0.0072668140117277055,0.05624962428108929
score_logp,36,bit_36,12760,17240,0.04669503045516734,0.06332135381814058,-0.009554593825921949,0.007071729537051291,0.01662632336297324,0.01662632336297324,0.05624962428108929
score_logp,37,bit_37,20274,9726,0.04994085414275491,0.06940035487790104,-0.006308770138334377,0.013150730596811752,0.01945950073514613,0.01945950073514613,0.05624962428108929
score_logp,38,bit_38,3314,26686,0.07656657610713216,0.053726564311385845,0.020316951826042873,-0.0025230599697034437,-0.022840011795746316,0.022840011795746316,0.05624962428108929
score_logp,39,bit_39,21286,8714,0.05409791934983291,0.061505671006671495,-0.002151704931256382,0.005256046725582206,0.007407751656838588,0.007407751656838588,0.05624962428108929
score_logp,40,bit_40,14236,15764,0.050147743547908505,0.061760051464390585,-0.006101880733180784,0.005510427183301296,0.01161230791648208,0.01161230791648208,0.05624962428108929
score_logp,41,bit_41,18580,11420,0.05138537389821762,0.06416361483395758,-0.0048642503828716654,0.007913990552868289,0.012778240935739954,0.012778240935739954,0.05624962428108929
score_logp,42,bit_42,14334,15666,0.06370057567249202,0.049432189246979334,0.007450951391402727,-0.006817435034109955,-0.014268386425512682,0.014268386425512682,0.05624962428108929
score_logp,43,bit_43,14591,15409,0.05549101133810314,0.05696796560441403,-0.0007586129429861463,0.0007183413233247393,0.0014769542663108856,0.0014769542663108856,0.05624962428108929
score_logp,44,bit_44,5184,24816,0.07211034923951673,0.05293635871917408,0.01586072495842744,-0.0033132655619152115,-0.019173990520342653,0.019173990520342653,0.05624962428108929
score_logp,45,bit_45,13831,16169,0.05814029980448981,0.05463233606511103,0.0018906755234005188,-0.0016172882159782576,-0.0035079637393787763,0.0035079637393787763,0.05624962428108929
score_logp,46,bit_46,19674,10326,0.05678028591632194,0.05523856123522767,0.0005306616352326529,-0.0010110630458616196,-0.0015417246810942725,0.0015417246810942725,0.05624962428108929
score_logp,47,bit_47,21091,8909,0.05198924235532294,0.06633557278219357,-0.004260381925766346,0.01008594850110428,0.014346330426870627,0.014346330426870627,0.05624962428108929
score_logp,48,bit_48,19692,10308,0.05675945181025746,0.05527566971139782,0.000509827529168172,-0.0009739545696914667,-0.0014837820988596387,0.0014837820988596387,0.05624962428108929
score_logp,49,bit_49,27586,2414,0.05471910533598141,0.0737396390365764,-0.0015305189451078755,0.017490014755487115,0.01902053370059499,0.01902053370059499,0.05624962428108929
score_logp,50,bit_50,20388,9612,0.05507968696560139,0.05873117671431515,-0.0011699373154878956,0.002481552433225863,0.0036514897487137585,0.0036514897487137585,0.05624962428108929
score_logp,51,bit_51,9860,20140,0.06336382870691629,0.05276670195543616,0.007114204425826998,-0.003482922325653129,-0.010597126751480127,0.010597126751480127,0.05624962428108929
score_logp,52,bit_52,19674,10326,0.05766341666407605,0.05355594315162176,0.0014137923829867644,-0.0026936811294675303,-0.004107473512454295,0.004107473512454295,0.05624962428108929
score_logp,53,bit_53,16862,13138,0.06054237147935297,0.0507400868128961,0.004292747198263683,-0.0055095374681931875,-0.00980228466645687,0.00980228466645687,0.05624962428108929
score_logp,54,bit_54,25071,4929,0.05249285536855002,0.07535815611437635,-0.003756768912539267,0.019108531833287062,0.02286530074582633,0.02286530074582633,0.05624962428108929
score_logp,55,bit_55,23272,6728,0.0512855169476423,0.073420359397614,-0.004964107333446988,0.017170735116524713,0.0221348424499717,0.0221348424499717,0.05624962428108929
score_logp,56,bit_56,24634,5366,0.05416902941594325,0.06580112892290951,-0.0020805948651460363,0.009551504641820224,0.01163209950696626,0.01163209950696626,0.05624962428108929
score_logp,57,bit_57,14531,15469,0.05418761764887935,0.058186596184421284,-0.0020620066322099354,0.0019369719033319951,0.0039989785355419305,0.0039989785355419305,0.05624962428108929
score_logp,58,bit_58,16387,13613,0.04854437710777721,0.0655250143809251,-0.007705247173312078,0.009275390099835815,0.016980637273147893,0.016980637273147893,0.05624962428108929
score_logp,59,bit_59,17531,12469,0.05930686625987665,0.05195124356650744,0.003057241978787359,-0.0042983807145818495,-0.007355622693369208,0.007355622693369208,0.05624962428108929
score_logp,60,bit_60,7351,22649,0.06303991338266535,0.05404575589018084,0.006790289101576058,-0.002203868390908449,-0.008994157492484507,0.008994157492484507,0.05624962428108929
score_logp,61,bit_61,10870,19130,0.05104918136938122,0.05920460674059094,-0.00520044291170807,0.002954982459501654,0.008155425371209724,0.008155425371209724,0.05624962428108929
score_logp,62,bit_62,16927,13073,0.05338946162768674,0.05995298029991779,-0.0028601626534025468,0.003703356018828499,0.006563518672231046,0.006563518672231046,0.05624962428108929
score_logp,63,bit_63,9878,20122,0.05671863951790398,0.0560193821327315,0.0004690152368146891,-0.0002302421483577899,-0.000699257385172479,0.000699257385172479,0.05624962428108929
score_logp,64,bit_64,11148,18852,0.05083407705477186,0.05945207073127955,-0.00541554722631743,0.0032024464501902578,0.008617993676507688,0.008617993676507688,0.05624962428108929
score_logp,65,bit_65,5357,24643,0.07327738966012198,0.05254805632526093,0.017027765379032694,-0.003701567955828357,-0.02072933333486105,0.02072933333486105,0.05624962428108929
score_logp,66,bit_66,12358,17642,0.05829949197089264,0.0548137176429196,0.00204986768980335,-0.0014359066381696914,-0.0034857743279730416,0.0034857743279730416,0.05624962428108929
score_logp,67,bit_67,18478,11522,0.049795921146850816,0.06659952243370677,-0.006453703134238473,0.010349898152617484,0.016803601286855957,0.016803601286855957,0.05624962428108929
score_logp,68,bit_68,26084,3916,0.05349276409711199,0.07461273486302586,-0.0027568601839772985,0.01836311058193657,0.02111997076591387,0.02111997076591387,0.05624962428108929
score_logp,69,bit_69,24563,5437,0.05340664311004371,0.06909349893703792,-0.002842981171045582,0.012843874655948634,0.015686855826994216,0.015686855826994216,0.05624962428108929
score_logp,70,bit_70,23127,6873,0.052684520147371225,0.06824586512213361,-0.003565104133718064,0.011996240841044323,0.015561344974762387,0.015561344974762387,0.05624962428108929
score_logp,71,bit_71,23730,6270,0.05349917204240641,0.06665923060069773,-0.0027504522386828795,0.010409606319608439,0.013160058558291318,0.013160058558291318,0.05624962428108929
score_logp,72,bit_72,11829,18171,0.05420379267899884,0.05758142451338955,-0.002045831602090452,0.0013318002323002634,0.0033776318343907152,0.0033776318343907152,0.05624962428108929
score_logp,73,bit_73,9458,20542,0.06088569931014939,0.054115070799205814,0.004636075029060098,-0.002134553481883475,-0.006770628510943573,0.006770628510943573,0.05624962428108929
score_logp,74,bit_74,18348,11652,0.06137249107161841,0.048182823742758674,0.005122866790529118,-0.008066800538330615,-0.013189667328859733,0.013189667328859733,0.05624962428108929
score_logp,75,bit_75,4989,25011,0.06618949937113722,0.054266895208911085,0.009939875090047928,-0.0019827290721782034,-0.011922604162226132,0.011922604162226132,0.05624962428108929
score_logp,76,bit_76,23368,6632,0.05096583796316453,0.0748671632855021,-0.0052837863179247616,0.018617539004412806,0.023901325322337567,0.023901325322337567,0.05624962428108929
score_logp,77,bit_77,29335,665,0.05578341280916255,0.07681550928706117,-0.00046621147192674184,0.020565885005971882,0.021032096477898624,0.021032096477898624,0.05624962428108929
score_logp,78,bit_78,15800,14200,0.05760155988882842,0.05474535790064716,0.0013519356077391284,-0.0015042663804421263,-0.0028562019881812548,0.0028562019881812548,0.05624962428108929
score_logp,79,bit_79,23847,6153,0.054042901635322625,0.06480215393062574,-0.0022067226457666636,0.008552529649536456,0.01075925229530312,0.01075925229530312,0.05624962428108929
score_logp,80,bit_80,29988,12,0.05624403992405056,0.07020493252088386,-5.584357038727894e-06,0.013955308239794573,0.0139608925968333,0.0139608925968333,0.05624962428108929
score_logp,81,bit_81,20181,9819,0.05720750443448528,0.054280892294564745,0.0009578801533959916,-0.001968731986524544,-0.0029266121399205355,0.0029266121399205355,0.05624962428108929
score_logp,82,bit_82,14551,15449,0.04393667477997661,0.06784686217290692,-0.012312949501112676,0.01159723789181763,0.023910187392930306,0.023910187392930306,0.05624962428108929
score_logp,83,bit_83,9336,20664,0.06765283645661874,0.05109765037135531,0.011403212175529448,-0.00515197390973398,-0.016555186085263428,0.016555186085263428,0.05624962428108929
score_logp,84,bit_84,4747,25253,0.06748453635268657,0.054137711731931874,0.011234912071597283,-0.0021119125491574145,-0.013346824620754698,0.013346824620754698,0.05624962428108929
score_logp,85,bit_85,21252,8748,0.05719843907569291,0.053944616048931526,0.0009488147946036182,-0.0023050082321577625,-0.0032538230267613807,0.0032538230267613807,0.05624962428108929
score_logp,86,bit_86,9587,20413,0.06824147398897529,0.050617631768989,0.011991849707885999,-0.005631992512100288,-0.017623842219986287,0.017623842219986287,0.05624962428108929
score_logp,87,bit_87,12673,17327,0.05949173027407822,0.05387834193278037,0.0032421059929889293,-0.0023712823483089188,-0.005613388341297848,0.005613388341297848,0.05624962428108929
score_logp,88,bit_88,15380,14620,0.06221491807653486,0.04997423313376009,0.005965293795445574,-0.006275391147329196,-0.01224068494277477,0.01224068494277477,0.05624962428108929
score_logp,89,bit_89,5012,24988,0.07647771070159369,0.05219235002386309,0.0202280864205044,-0.004057274257226198,-0.0242853606777306,0.0242853606777306,0.05624962428108929
score_logp,90,bit_90,11902,18098,0.06788654878874353,0.04859669713499023,0.011636924507654245,-0.00765292714609906,-0.019289851653753305,0.019289851653753305,0.05624962428108929
score_logp,91,bit_91,12526,17474,0.05131907869817817,0.059784019037386914,-0.004930545582911117,0.003534394756297625,0.008464940339208742,0.008464940339208742,0.05624962428108929
score_logp,92,bit_92,16306,13694,0.059594364666743706,0.05226690654131414,0.003344740385654417,-0.003982717739775148,-0.0073274581254295645,0.0073274581254295645,0.05624962428108929
score_logp,93,bit_93,7625,22375,0.06163429965278138,0.05441462317676964,0.005384675371692092,-0.001835001104319646,-0.007219676476011738,0.007219676476011738,0.05624962428108929
score_logp,94,bit_94,12602,17398,0.06672583618859741,0.048661325484766885,0.010476211907508123,-0.007588298796322404,-0.018064510703830527,0.018064510703830527,0.05624962428108929
score_logp,95,bit_95,21918,8082,0.05513432583634268,0.059274260672076216,-0.0011152984447466083,0.0030246363909869275,0.004139934835733536,0.004139934835733536,0.05624962428108929
score_logp,96,bit_96,3416,26584,0.054829052915154726,0.05643216535038031,-0.0014205713659345628,0.0001825410692910187,0.0016031124352255816,0.0016031124352255816,0.05624962428108929
score_logp,97,bit_97,22212,7788,0.05497618911677454,0.05988156340150009,-0.0012734351643147457,0.0036319391204108,0.004905374284725546,0.004905374284725546,0.05624962428108929
score_logp,98,bit_98,14813,15187,0.062453081318813275,0.05019893559340868,0.006203457037723986,-0.006050688687680605,-0.012254145725404592,0.012254145725404592,0.05624962428108929
score_logp,99,bit_99,19537,10463,0.04999561992342952,0.06792739195150876,-0.00625400435765977,0.011677767670419475,0.017931772028079246,0.017931772028079246,0.05624962428108929
score_logp,100,bit_100,7097,22903,0.06120326804546459,0.05471462843793462,0.0049536437643753,-0.0015349958431546684,-0.006488639607529968,0.006488639607529968,0.05624962428108929
score_logp,101,bit_101,7693,22307,0.058457328038825855,0.055488254979602435,0.0022077037577365663,-0.0007613693014868542,-0.0029690730592234205,0.0029690730592234205,0.05624962428108929
score_logp,102,bit_102,21517,8483,0.05091465623986123,0.06978168927497164,-0.005334968041228058,0.013532064993882348,0.018867033035110406,0.018867033035110406,0.05624962428108929
score_logp,103,bit_103,12339,17661,0.05088060217159031,0.06000073485292033,-0.00536902210949898,0.003751110571831043,0.009120132681330023,0.009120132681330023,0.05624962428108929
score_logp,104,bit_104,13906,16094,0.052570879963456524,0.05942823857716243,-0.003678744317632765,0.0031786142960731414,0.0068573586137059064,0.0068573586137059064,0.05624962428108929
score_logp,105,bit_105,16464,13536,0.05411571654634198,0.058845121986828036,-0.002133907734747309,0.0025954977057387474,0.004729405440486056,0.004729405440486056,0.05624962428108929
score_logp,106,bit_106,17349,12651,0.04450401099591403,0.07235701854909227,-0.01174561328517526,0.016107394268002978,0.02785300755317824,0.02785300755317824,0.05624962428108929
score_logp,107,bit_107,25579,4421,0.053965390524806915,0.0694657326846059,-0.0022842337562823736,0.013216108403516613,0.015500342159798987,0.015500342159798987,0.05624962428108929
score_logp,108,bit_108,9292,20708,0.061628611740814375,0.053835989382703855,0.005378987459725086,-0.0024136348983854333,-0.0077926223581105195,0.0077926223581105195,0.05624962428108929
score_logp,109,bit_109,13652,16348,0.06922318777323658,0.04541557187132695,0.012973563492147289,-0.010834052409762339,-0.023807615901909628,0.023807615901909628,0.05624962428108929
score_logp,110,bit_110,12964,17036,0.07121457387794058,0.04486164549654008,0.014964949596851296,-0.01138797878454921,-0.026352928381400506,0.026352928381400506,0.05624962428108929
score_logp,111,bit_111,16376,13624,0.04905920607047804,0.0648924816370031,-0.007190418210611248,0.008642857355913816,0.015833275566525064,0.015833275566525064,0.05624962428108929
score_logp,112,bit_112,6931,23069,0.05021470306409525,0.05806279515780634,-0.0060349212169940394,0.001813170876717049,0.007848092093711088,0.007848092093711088,0.05624962428108929
score_logp,113,bit_113,22539,7461,0.05157695556871569,0.0703653299650711,-0.0046726687123735955,0.014115705683981808,0.018788374396355403,0.018788374396355403,0.05624962428108929
score_logp,114,bit_114,5764,24236,0.07329642865582672,0.05219541647386093,0.017046804374737434,-0.004054207807228358,-0.021101012181965792,0.021101012181965792,0.05624962428108929
score_logp,115,bit_115,28757,1243,0.055866914778958617,0.06510366865178278,-0.0003827095021306723,0.008854044370693495,0.009236753872824167,0.009236753872824167,0.05624962428108929
score_logp,116,bit_116,14519,15481,0.0685971617711791,0.04466937127297522,0.012347537490089808,-0.01158025300811407,-0.02392779049820388,0.02392779049820388,0.05624962428108929
score_logp,117,bit_117,21047,8953,0.06033741288921902,0.046639919507794704,0.004087788608129729,-0.009609704773294585,-0.013697493381424314,0.013697493381424314,0.05624962428108929
score_logp,118,bit_118,19573,10427,0.05698368540050001,0.05487168448150879,0.0007340611194107186,-0.0013779397995805007,-0.0021120009189912192,0.0021120009189912192,0.05624962428108929
score_logp,119,bit_119,20011,9989,0.05468749513623838,0.059379043273742375,-0.0015621291448509114,0.0031294189926530866,0.004691548137503998,0.004691548137503998,0.05624962428108929
score_logp,120,bit_120,21022,8978,0.05309119986408835,0.06364507962684489,-0.0031584244170009407,0.0073954553457556,0.01055387976275654,0.01055387976275654,0.05624962428108929
score_logp,121,bit_121,10168,19832,0.05451295189110578,0.057140027914679065,-0.0017366723899835054,0.0008904036335897758,0.0026270760235732812,0.0026270760235732812,0.05624962428108929
score_logp,122,bit_122,17492,12508,0.05166042486673578,0.06266745895936492,-0.004589199414353512,0.006417834678275627,0.01100703409262914,0.01100703409262914,0.05624962428108929
score_logp,123,bit_123,18087,11913,0.0530315705277219,0.06113545809601046,-0.003218053753367388,0.004885833814921171,0.00810388756828856,0.00810388756828856,0.05624962428108929
score_logp,124,bit_124,8492,21508,0.07059818694588539,0.0505843837124893,0.014348562664796102,-0.0056652405685999885,-0.02001380323339609,0.02001380323339609,0.05624962428108929
score_logp,125,bit_125,24565,5435,0.05569673761439708,0.05874854994204496,-0.0005528866666922108,0.002498925660955671,0.003051812327647882,0.003051812327647882,0.05624962428108929
score_logp,126,bit_126,18979,11021,0.05982599448400202,0.050090842856438104,0.0035763702029127306,-0.006158781424651184,-0.009735151627563915,0.009735151627563915,0.05624962428108929
score_logp,127,bit_127,8029,21971,0.07051719057619434,0.05103573825936071,0.014267566295105047,-0.005213886021728578,-0.019481452316833625,0.019481452316833625,0.05624962428108929
score_ro5,0,bit_0,22907,7093,0.1,0.1,0.0,0.0,0.0,0.0,0.1
score_ro5,1,bit_1,24699,5301,0.10000000000000002,0.09999999999999998,1.3877787807814457e-17,-2.7755575615628914e-17,-4.163336342344337e-17,4.163336342344337e-17,0.1
score_ro5,2,bit_2,21548,8452,0.1,0.10000000000000002,0.0,1.3877787807814457e-17,1.3877787807814457e-17,1.3877787807814457e-17,0.1
score_ro5,3,bit_3,10708,19292,0.10000000000000002,0.10000000000000002,1.3877787807814457e-17,1.3877787807814457e-17,0.0,0.0,0.1
score_ro5,4,bit_4,10454,19546,0.1,0.10000000000000002,0.0,1.3877787807814457e-17,1.3877787807814457e-17,1.3877787807814457e-17,0.1
score_ro5,5,bit_5,24963,5037,0.1,0.09999999999999999,0.0,-1.3877787807814457e-17,-1.3877787807814457e-17,1.3877787807814457e-17,0.1
score_ro5,6,bit_6,16532,13468,0.10000000000000002,0.10000000000000002,1.3877787807814457e-17,1.3877787807814457e-17,0.0,0.0,0.1
score_ro5,7,bit_7,10449,19551,0.1,0.10000000000000002,0.0,1.3877787807814457e-17,1.3877787807814457e-17,1.3877787807814457e-17,0.1
score_ro5,8,bit_8,4459,25541,0.09999999999999999,0.10000000000000002,-1.3877787807814457e-17,1.3877787807814457e-17,2.7755575615628914e-17,2.7755575615628914e-17,0.1
score_ro5,9,bit_9,25062,4938,0.1,0.09999999999999999,0.0,-1.3877787807814457e-17,-1.3877787807814457e-17,1.3877787807814457e-17,0.1
score_ro5,10,bit_10,19739,10261,0.10000000000000002,0.10000000000000002,1.3877787807814457e-17,1.3877787807814457e-17,0.0,0.0,0.1
score_ro5,11,bit_11,25186,4814,0.10000000000000002,0.09999999999999999,1.3877787807814457e-17,-1.3877787807814457e-17,-2.7755575615628914e-17,2.7755575615628914e-17,0.1
score_ro5,12,bit_12,21495,8505,0.10000000000000002,0.10000000000000002,1.3877787807814457e-17,1.3877787807814457e-17,0.0,0.0,0.1
score_ro5,13,bit_13,18620,11380,0.1,0.10000000000000002,0.0,1.3877787807814457e-17,1.3877787807814457e-17,1.3877787807814457e-17,0.1
score_ro5,14,bit_14,14193,15807,0.10000000000000002,0.10000000000000002,1.3877787807814457e-17,1.3877787807814457e-17,0.0,0.0,0.1
score_ro5,15,bit_15,23343,6657,0.1,0.1,0.0,0.0,0.0,0.0,0.1
score_ro5,16,bit_16,10727,19273,0.1,0.1,0.0,0.0,0.0,0.0,0.1
score_ro5,17,bit_17,7513,22487,0.1,0.1,0.0,0.0,0.0,0.0,0.1
score_ro5,18,bit_18,14701,15299,0.09999999999999999,0.1,-1.3877787807814457e-17,0.0,1.3877787807814457e-17,1.3877787807814457e-17,0.1
score_ro5,19,bit_19,18956,11044,0.10000000000000002,0.1,1.3877787807814457e-17,0.0,-1.3877787807814457e-17,1.3877787807814457e-17,0.1
score_ro5,20,bit_20,8294,21706,0.10000000000000002,0.10000000000000002,1.3877787807814457e-17,1.3877787807814457e-17,0.0,0.0,0.1
score_ro5,21,bit_21,5852,24148,0.1,0.1,0.0,0.0,0.0,0.0,0.1
score_ro5,22,bit_22,12354,17646,0.1,0.10000000000000002,0.0,1.3877787807814457e-17,1.3877787807814457e-17,1.3877787807814457e-17,0.1
score_ro5,23,bit_23,6238,23762,0.09999999999999999,0.10000000000000003,-1.3877787807814457e-17,2.7755575615628914e-17,4.163336342344337e-17,4.163336342344337e-17,0.1
score_ro5,24,bit_24,25083,4917,0.1,0.09999999999999999,0.0,-1.3877787807814457e-17,-1.3877787807814457e-17,1.3877787807814457e-17,0.1
score_ro5,25,bit_25,7722,22278,0.1,0.1,0.0,0.0,0.0,0.0,0.1
score_ro5,26,bit_26,13075,16925,0.1,0.10000000000000002,0.0,1.3877787807814457e-17,1.3877787807814457e-17,1.3877787807814457e-17,0.1
score_ro5,27,bit_27,9416,20584,0.10000000000000002,0.10000000000000003,1.3877787807814457e-17,2.7755575615628914e-17,1.3877787807814457e-17,1.3877787807814457e-17,0.1
score_ro5,28,bit_28,3874,26126,0.1,0.10000000000000002,0.0,1.3877787807814457e-17,1.3877787807814457e-17,1.3877787807814457e-17,0.1
score_ro5,29,bit_29,11618,18382,0.10000000000000002,0.10000000000000002,1.3877787807814457e-17,1.3877787807814457e-17,0.0,0.0,0.1
score_ro5,30,bit_30,6968,23032,0.09999999999999999,0.1,-1.3877787807814457e-17,0.0,1.3877787807814457e-17,1.3877787807814457e-17,0.1
score_ro5,31,bit_31,12637,17363,0.1,0.10000000000000002,0.0,1.3877787807814457e-17,1.3877787807814457e-17,1.3877787807814457e-17,0.1
score_ro5,32,bit_32,15761,14239,0.10000000000000002,0.1,1.3877787807814457e-17,0.0,-1.3877787807814457e-17,1.3877787807814457e-17,0.1
score_ro5,33,bit_33,18283,11717,0.10000000000000002,0.10000000000000002,1.3877787807814457e-17,1.3877787807814457e-17,0.0,0.0,0.1
score_ro5,34,bit_34,6678,23322,0.1,0.1,0.0,0.0,0.0,0.0,0.1
score_ro5,35,bit_35,16424,13576,0.10000000000000002,0.09999999999999999,1.3877787807814457e-17,-1.3877787807814457e-17,-2.7755575615628914e-17,2.7755575615628914e-17,0.1
score_ro5,36,bit_36,12760,17240,0.1,0.10000000000000002,0.0,1.3877787807814457e-17,1.3877787807814457e-17,1.3877787807814457e-17,0.1
score_ro5,37,bit_37,20274,9726,0.10000000000000002,0.10000000000000002,1.3877787807814457e-17,1.3877787807814457e-17,0.0,0.0,0.1
score_ro5,38,bit_38,3314,26686,0.1,0.10000000000000002,0.0,1.3877787807814457e-17,1.3877787807814457e-17,1.3877787807814457e-17,0.1
score_ro5,39,bit_39,21286,8714,0.10000000000000002,0.10000000000000002,1.3877787807814457e-17,1.3877787807814457e-17,0.0,0.0,0.1
score_ro5,40,bit_40,14236,15764,0.09999999999999999,0.1,-1.3877787807814457e-17,0.0,1.3877787807814457e-17,1.3877787807814457e-17,0.1
score_ro5,41,bit_41,18580,11420,0.1,0.10000000000000002,0.0,1.3877787807814457e-17,1.3877787807814457e-17,1.3877787807814457e-17,0.1
score_ro5,42,bit_42,14334,15666,0.1,0.10000000000000002,0.0,1.3877787807814457e-17,1.3877787807814457e-17,1.3877787807814457e-17,0.1
score_ro5,43,bit_43,14591,15409,0.1,0.1,0.0,0.0,0.0,0.0,0.1
score_ro5,44,bit_44,5184,24816,0.09999999999999999,0.10000000000000002,-1.3877787807814457e-17,1.3877787807814457e-17,2.7755575615628914e-17,2.7755575615628914e-17,0.1
score_ro5,45,bit_45,13831,16169,0.09999999999999999,0.10000000000000002,-1.3877787807814457e-17,1.3877787807814457e-17,2.7755575615628914e-17,2.7755575615628914e-17,0.1
score_ro5,46,bit_46,19674,10326,0.10000000000000002,0.10000000000000002,1.3877787807814457e-17,1.3877787807814457e-17,0.0,0.0,0.1
score_ro5,47,bit_47,21091,8909,0.10000000000000002,0.1,1.3877787807814457e-17,0.0,-1.3877787807814457e-17,1.3877787807814457e-17,0.1
score_ro5,48,bit_48,19692,10308,0.10000000000000002,0.10000000000000002,1.3877787807814457e-17,1.3877787807814457e-17,0.0,0.0,0.1
score_ro5,49,bit_49,27586,2414,0.10000000000000002,0.09999999999999999,1.3877787807814457e-17,-1.3877787807814457e-17,-2.7755575615628914e-17,2.7755575615628914e-17,0.1
score_ro5,50,bit_50,20388,9612,0.10000000000000002,0.10000000000000002,1.3877787807814457e-17,1.3877787807814457e-17,0.0,0.0,0.1
score_ro5,51,bit_51,9860,20140,0.10000000000000002,0.10000000000000002,1.3877787807814457e-17,1.3877787807814457e-17,0.0,0.0,0.1
score_ro5,52,bit_52,19674,10326,0.10000000000000002,0.10000000000000002,1.3877787807814457e-17,1.3877787807814457e-17,0.0,0.0,0.1
score_ro5,53,bit_53,16862,13138,0.10000000000000002,0.10000000000000002,1.3877787807814457e-17,1.3877787807814457e-17,0.0,0.0,0.1
score_ro5,54,bit_54,25071,4929,0.10000000000000002,0.09999999999999999,1.3877787807814457e-17,-1.3877787807814457e-17,-2.7755575615628914e-17,2.7755575615628914e-17,0.1
score_ro5,55,bit_55,23272,6728,0.1,0.09999999999999999,0.0,-1.3877787807814457e-17,-1.3877787807814457e-17,1.3877787807814457e-17,0.1
score_ro5,56,bit_56,24634,5366,0.10000000000000002,0.09999999999999998,1.3877787807814457e-17,-2.7755575615628914e-17,-4.163336342344337e-17,4.163336342344337e-17,0.1
score_ro5,57,bit_57,14531,15469,0.10000000000000002,0.1,1.3877787807814457e-17,0.0,-1.3877787807814457e-17,1.3877787807814457e-17,0.1
score_ro5,58,bit_58,16387,13613,0.10000000000000002,0.10000000000000002,1.3877787807814457e-17,1.3877787807814457e-17,0.0,0.0,0.1
score_ro5,59,bit_59,17531,12469,0.10000000000000002,0.1,1.3877787807814457e-17,0.0,-1.3877787807814457e-17,1.3877787807814457e-17,0.1
score_ro5,60,bit_60,7351,22649,0.10000000000000002,0.10000000000000002,1.3877787807814457e-17,1.3877787807814457e-17,0.0,0.0,0.1
score_ro5,61,bit_61,10870,19130,0.1,0.1,0.0,0.0,0.0,0.0,0.1
score_ro5,62,bit_62,16927,13073,0.10000000000000002,0.10000000000000002,1.3877787807814457e-17,1.3877787807814457e-17,0.0,0.0,0.1
score_ro5,63,bit_63,9878,20122,0.10000000000000002,0.10000000000000002,1.3877787807814457e-17,1.3877787807814457e-17,0.0,0.0,0.1
score_ro5,64,bit_64,11148,18852,0.10000000000000002,0.10000000000000002,1.3877787807814457e-17,1.3877787807814457e-17,0.0,0.0,0.1
score_ro5,65,bit_65,5357,24643,0.09999999999999996,0.1,-4.163336342344337e-17,0.0,4.163336342344337e-17,4.163336342344337e-17,0.1
score_ro5,66,bit_66,12358,17642,0.10000000000000002,0.10000000000000002,1.3877787807814457e-17,1.3877787807814457e-17,0.0,0.0,0.1
score_ro5,67,bit_67,18478,11522,0.10000000000000002,0.10000000000000002,1.3877787807814457e-17,1.3877787807814457e-17,0.0,0.0,0.1
score_ro5,68,bit_68,26084,3916,0.10000000000000002,0.10000000000000002,1.3877787807814457e-17,1.3877787807814457e-17,0.0,0.0,0.1
score_ro5,69,bit_69,24563,5437,0.1,0.09999999999999996,0.0,-4.163336342344337e-17,-4.163336342344337e-17,4.163336342344337e-17,0.1
score_ro5,70,bit_70,23127,6873,0.1,0.1,0.0,0.0,0.0,0.0,0.1
score_ro5,71,bit_71,23730,6270,0.10000000000000002,0.1,1.3877787807814457e-17,0.0,-1.3877787807814457e-17,1.3877787807814457e-17,0.1
score_ro5,72,bit_72,11829,18171,0.1,0.10000000000000002,0.0,1.3877787807814457e-17,1.3877787807814457e-17,1.3877787807814457e-17,0.1
score_ro5,73,bit_73,9458,20542,0.10000000000000002,0.10000000000000002,1.3877787807814457e-17,1.3877787807814457e-17,0.0,0.0,0.1
score_ro5,74,bit_74,18348,11652,0.10000000000000002,0.10000000000000002,1.3877787807814457e-17,1.3877787807814457e-17,0.0,0.0,0.1
score_ro5,75,bit_75,4989,25011,0.09999999999999998,0.10000000000000002,-2.7755575615628914e-17,1.3877787807814457e-17,4.163336342344337e-17,4.163336342344337e-17,0.1
score_ro5,76,bit_76,23368,6632,0.1,0.1,0.0,0.0,0.0,0.0,0.1
score_ro5,77,bit_77,29335,665,0.10000000000000002,0.1,1.3877787807814457e-17,0.0,-1.3877787807814457e-17,1.3877787807814457e-17,0.1
score_ro5,78,bit_78,15800,14200,0.10000000000000003,0.1,2.7755575615628914e-17,0.0,-2.7755575615628914e-17,2.7755575615628914e-17,0.1
score_ro5,79,bit_79,23847,6153,0.10000000000000003,0.09999999999999999,2.7755575615628914e-17,-1.3877787807814457e-17,-4.163336342344337e-17,4.163336342344337e-17,0.1
score_ro5,80,bit_80,29988,12,0.1,0.10000000000000002,0.0,1.3877787807814457e-17,1.3877787807814457e-17,1.3877787807814457e-17,0.1
score_ro5,81,bit_81,20181,9819,0.10000000000000002,0.1,1.3877787807814457e-17,0.0,-1.3877787807814457e-17,1.3877787807814457e-17,0.1
score_ro5,82,bit_82,14551,15449,0.1,0.1,0.0,0.0,0.0,0.0,0.1
score_ro5,83,bit_83,9336,20664,0.10000000000000002,0.1,1.3877787807814457e-17,0.0,-1.3877787807814457e-17,1.3877787807814457e-17,0.1
score_ro5,84,bit_84,4747,25253,0.09999999999999999,0.1,-1.3877787807814457e-17,0.0,1.3877787807814457e-17,1.3877787807814457e-17,0.1
score_ro5,85,bit_85,21252,8748,0.10000000000000002,0.10000000000000002,1.3877787807814457e-17,1.3877787807814457e-17,0.0,0.0,0.1
score_ro5,86,bit_86,9587,20413,0.10000000000000002,0.10000000000000002,1.3877787807814457e-17,1.3877787807814457e-17,0.0,0.0,0.1
score_ro5,87,bit_87,12673,17327,0.10000000000000002,0.10000000000000002,1.3877787807814457e-17,1.3877787807814457e-17,0.0,0.0,0.1
score_ro5,88,bit_88,15380,14620,0.10000000000000002,0.1,1.3877787807814457e-17,0.0,-1.3877787807814457e-17,1.3877787807814457e-17,0.1
score_ro5,89,bit_89,5012,24988,0.09999999999999999,0.1,-1.3877787807814457e-17,0.0,1.3877787807814457e-17,1.3877787807814457e-17,0.1
score_ro5,90,bit_90,11902,18098,0.10000000000000002,0.10000000000000002,1.3877787807814457e-17,1.3877787807814457e-17,0.0,0.0,0.1
score_ro5,91,bit_91,12526,17474,0.1,0.10000000000000002,0.0,1.3877787807814457e-17,1.3877787807814457e-17,1.3877787807814457e-17,0.1
score_ro5,92,bit_92,16306,13694,0.10000000000000002,0.1,1.3877787807814457e-17,0.0,-1.3877787807814457e-17,1.3877787807814457e-17,0.1
score_ro5,93,bit_93,7625,22375,0.10000000000000002,0.1,1.3877787807814457e-17,0.0,-1.3877787807814457e-17,1.3877787807814457e-17,0.1
score_ro5,94,bit_94,12602,17398,0.1,0.10000000000000002,0.0,1.3877787807814457e-17,1.3877787807814457e-17,1.3877787807814457e-17,0.1
score_ro5,95,bit_95,21918,8082,0.1,0.1,0.0,0.0,0.0,0.0,0.1
score_ro5,96,bit_96,3416,26584,0.1,0.10000000000000002,0.0,1.3877787807814457e-17,1.3877787807814457e-17,1.3877787807814457e-17,0.1
score_ro5,97,bit_97,22212,7788,0.1,0.10000000000000002,0.0,1.3877787807814457e-17,1.3877787807814457e-17,1.3877787807814457e-17,0.1
score_ro5,98,bit_98,14813,15187,0.1,0.10000000000000002,0.0,1.3877787807814457e-17,1.3877787807814457e-17,1.3877787807814457e-17,0.1
score_ro5,99,bit_99,19537,10463,0.10000000000000002,0.10000000000000002,1.3877787807814457e-17,1.3877787807814457e-17,0.0,0.0,0.1
score_ro5,100,bit_100,7097,22903,0.1,0.1,0.0,0.0,0.0,0.0,0.1
score_ro5,101,bit_101,7693,22307,0.10000000000000002,0.1,1.3877787807814457e-17,0.0,-1.3877787807814457e-17,1.3877787807814457e-17,0.1
score_ro5,102,bit_102,21517,8483,0.10000000000000002,0.10000000000000002,1.3877787807814457e-17,1.3877787807814457e-17,0.0,0.0,0.1
score_ro5,103,bit_103,12339,17661,0.1,0.10000000000000002,0.0,1.3877787807814457e-17,1.3877787807814457e-17,1.3877787807814457e-17,0.1
score_ro5,104,bit_104,13906,16094,0.09999999999999999,0.10000000000000002,-1.3877787807814457e-17,1.3877787807814457e-17,2.7755575615628914e-17,2.7755575615628914e-17,0.1
score_ro5,105,bit_105,16464,13536,0.10000000000000002,0.09999999999999999,1.3877787807814457e-17,-1.3877787807814457e-17,-2.7755575615628914e-17,2.7755575615628914e-17,0.1
score_ro5,106,bit_106,17349,12651,0.10000000000000002,0.1,1.3877787807814457e-17,0.0,-1.3877787807814457e-17,1.3877787807814457e-17,0.1
score_ro5,107,bit_107,25579,4421,0.10000000000000002,0.09999999999999998,1.3877787807814457e-17,-2.7755575615628914e-17,-4.163336342344337e-17,4.163336342344337e-17,0.1
score_ro5,108,bit_108,9292,20708,0.10000000000000002,0.1,1.3877787807814457e-17,0.0,-1.3877787807814457e-17,1.3877787807814457e-17,0.1
score_ro5,109,bit_109,13652,16348,0.1,0.1,0.0,0.0,0.0,0.0,0.1
score_ro5,110,bit_110,12964,17036,0.1,0.10000000000000002,0.0,1.3877787807814457e-17,1.3877787807814457e-17,1.3877787807814457e-17,0.1
score_ro5,111,bit_111,16376,13624,0.10000000000000002,0.1,1.3877787807814457e-17,0.0,-1.3877787807814457e-17,1.3877787807814457e-17,0.1
score_ro5,112,bit_112,6931,23069,0.10000000000000002,0.10000000000000002,1.3877787807814457e-17,1.3877787807814457e-17,0.0,0.0,0.1
score_ro5,113,bit_113,22539,7461,0.10000000000000002,0.10000000000000002,1.3877787807814457e-17,1.3877787807814457e-17,0.0,0.0,0.1
score_ro5,114,bit_114,5764,24236,0.09999999999999999,0.10000000000000002,-1.3877787807814457e-17,1.3877787807814457e-17,2.7755575615628914e-17,2.7755575615628914e-17,0.1
score_ro5,115,bit_115,28757,1243,0.1,0.09999999999999999,0.0,-1.3877787807814457e-17,-1.3877787807814457e-17,1.3877787807814457e-17,0.1
score_ro5,116,bit_116,14519,15481,0.1,0.10000000000000002,0.0,1.3877787807814457e-17,1.3877787807814457e-17,1.3877787807814457e-17,0.1
score_ro5,117,bit_117,21047,8953,0.10000000000000002,0.10000000000000002,1.3877787807814457e-17,1.3877787807814457e-17,0.0,0.0,0.1
score_ro5,118,bit_118,19573,10427,0.1,0.1,0.0,0.0,0.0,0.0,0.1
score_ro5,119,bit_119,20011,9989,0.10000000000000002,0.1,1.3877787807814457e-17,0.0,-1.3877787807814457e-17,1.3877787807814457e-17,0.1
score_ro5,120,bit_120,21022,8978,0.10000000000000002,0.10000000000000002,1.3877787807814457e-17,1.3877787807814457e-17,0.0,0.0,0.1
score_ro5,121,bit_121,10168,19832,0.10000000000000002,0.10000000000000002,1.3877787807814457e-17,1.3877787807814457e-17,0.0,0.0,0.1
score_ro5,122,bit_122,17492,12508,0.10000000000000002,0.10000000000000002,1.3877787807814457e-17,1.3877787807814457e-17,0.0,0.0,0.1
score_ro5,123,bit_123,18087,11913,0.10000000000000002,0.10000000000000002,1.3877787807814457e-17,1.3877787807814457e-17,0.0,0.0,0.1
score_ro5,124,bit_124,8492,21508,0.10000000000000002,0.1,1.3877787807814457e-17,0.0,-1.3877787807814457e-17,1.3877787807814457e-17,0.1
score_ro5,125,bit_125,24565,5435,0.10000000000000002,0.09999999999999998,1.3877787807814457e-17,-2.7755575615628914e-17,-4.163336342344337e-17,4.163336342344337e-17,0.1
score_ro5,126,bit_126,18979,11021,0.10000000000000002,0.1,1.3877787807814457e-17,0.0,-1.3877787807814457e-17,1.3877787807814457e-17,0.1
score_ro5,127,bit_127,8029,21971,0.1,0.10000000000000002,0.0,1.3877787807814457e-17,1.3877787807814457e-17,1.3877787807814457e-17,0.1
