target,bit_i,bit_j,bit_i_index,bit_j_index,mean_00,mean_01,mean_10,mean_11,count_00,count_01,count_10,count_11,synergy_11_minus_additive,abs_synergy,best_state,best_state_mean
official_property_contribution,bit_77,bit_56,77,56,0.5685765884255813,0.6258770536728261,0.6558389186957304,0.6216753389246314,24200,5135,434,231,-0.09146404501834371,0.09146404501834371,10,0.6558389186957304
official_property_contribution,bit_12,bit_84,12,84,0.649400777715303,0.5606205197568734,0.6251335643133572,0.6198212984763265,651,20844,4096,4409,0.08346799212139888,0.08346799212139888,00,0.649400777715303
official_property_contribution,bit_77,bit_12,77,12,0.5610099415821038,0.6223170050260487,0.6462260205435041,0.6285882598859355,20915,8420,580,85,-0.07894482410151349,0.07894482410151349,10,0.6462260205435041
official_property_contribution,bit_23,bit_5,23,5,0.6373481223609563,0.6229384516535218,0.5653412451166029,0.6269438394965698,2054,4184,22909,853,0.07601226508740144,0.07601226508740144,00,0.6373481223609563
official_property_contribution,bit_84,bit_97,84,97,0.6465820768262609,0.6253482745616133,0.563872165728757,0.6117454377774849,696,4051,21516,3737,0.06910707431337548,0.06910707431337548,00,0.6465820768262609
official_property_contribution,bit_97,bit_103,97,103,0.5499845183137494,0.5868241441698292,0.5146304436576244,0.6196707887732202,12276,9936,63,7725,0.06820071925951599,0.06820071925951599,11,0.6196707887732202
official_property_contribution,bit_23,bit_97,23,97,0.6544649762439512,0.6249481923637342,0.5641126877610246,0.6025243385548971,578,5660,21634,2128,0.06792843467408938,0.06792843467408938,00,0.6544649762439512
official_property_contribution,bit_84,bit_17,84,17,0.625195657160286,0.640745507892779,0.6145784483947968,0.563318172056062,3750,997,3763,21490,-0.06681012707122769,0.06681012707122769,01,0.640745507892779
official_property_contribution,bit_23,bit_103,23,103,0.5258488415319008,0.6286721583936266,0.5499210631385377,0.5864064221186732,60,6178,12279,11483,-0.06633795788159025,0.06633795788159025,01,0.6286721583936266
official_property_contribution,bit_84,bit_56,84,56,0.6377092989949563,0.6266543867288056,0.5679153791010534,0.6229685334777528,776,3971,23858,1395,0.06610806664285018,0.06610806664285018,00,0.6377092989949563
official_property_contribution,bit_84,bit_5,84,5,0.6417273398007265,0.6253282001356548,0.5686094500543065,0.618126389547197,907,3840,24056,1197,0.06591607915796216,0.06591607915796216,00,0.6417273398007265
official_property_contribution,bit_23,bit_12,23,12,0.638711409976021,0.6264332999666189,0.561014011254562,0.6145532063048479,635,5603,20860,2902,0.06581730505968808,0.06581730505968808,00,0.638711409976021
official_property_contribution,bit_124,bit_17,124,17,0.6205961074948194,0.6228886251047383,0.6186424000553242,0.5555480871832417,4751,3741,2762,18746,-0.06538683048200145,0.06538683048200145,01,0.6228886251047383
official_property_contribution,bit_77,bit_5,77,5,0.5694695930165704,0.623455816454222,0.6450955242695445,0.63471455713468,24370,4965,593,72,-0.06436719057251616,0.06436719057251616,10,0.6450955242695445
official_property_contribution,bit_23,bit_17,23,17,0.6247749144499574,0.6419707520887299,0.6089845639770659,0.5630483223870972,5183,1055,2330,21432,-0.0631320792287412,0.0631320792287412,01,0.6419707520887299
official_property_contribution,bit_77,bit_51,77,51,0.6202123655528333,0.5595725467530451,0.643946157523509,0.6452461000160703,9208,20127,652,13,0.06193976129234946,0.06193976129234946,11,0.6452461000160703
official_property_contribution,bit_12,bit_124,12,124,0.6182370701415136,0.5524211493774298,0.6240331101704807,0.6200929539389584,3556,17939,4936,3569,0.061875764532561495,0.061875764532561495,10,0.6240331101704807
official_property_contribution,bit_124,bit_97,124,97,0.6228407963805866,0.6207419994151688,0.5559330636431118,0.6153837865850189,3496,4996,18716,2792,0.061549519907324934,0.061549519907324934,00,0.6228407963805866
official_property_contribution,bit_12,bit_103,12,103,0.5499764671505276,0.580885640867562,0.5316319550786202,0.6236345068089778,12223,9272,116,8389,0.06109337801332326,0.06109337801332326,11,0.6236345068089778
official_property_contribution,bit_77,bit_31,77,31,0.6121672730651839,0.5549192155634022,0.6432394095792525,0.6461724615993362,12138,17197,499,166,0.060181109521865395,0.060181109521865395,11,0.6461724615993362
official_property_contribution,bit_124,bit_5,124,5,0.6199321220485912,0.6236242967987412,0.5601491421266719,0.623592278124478,4642,3850,20321,1187,0.05975096124765611,0.05975096124765611,01,0.6236242967987412
official_property_contribution,bit_23,bit_84,23,84,0.6289400509447404,0.6257041810538814,0.6265028877317472,0.5651460791984599,3815,2423,932,22830,-0.05812093864242829,0.05812093864242829,00,0.6289400509447404
official_property_contribution,bit_23,bit_56,23,56,0.6280932916110707,0.6274446029644886,0.5641603186954889,0.6208468071797534,2294,3944,22340,1422,0.05733517713084668,0.05733517713084668,00,0.6280932916110707
official_property_contribution,bit_5,bit_103,5,103,0.5499310381838795,0.5918967715005192,0.5265367787679022,0.6249254753785632,12272,12691,67,4970,0.0564229632940213,0.0564229632940213,11,0.6249254753785632
official_property_contribution,bit_77,bit_17,77,17,0.6196641305154369,0.5646378531871606,0.6439944804883948,0.6439690455647793,7447,21888,66,599,0.055000842404660744,0.055000842404660744,10,0.6439944804883948
official_property_contribution,bit_120,bit_77,120,77,0.5603626038106747,0.6347610819302492,0.6245654742188906,0.6443015406871356,20999,23,8336,642,-0.05466241165132946,0.05466241165132946,11,0.6443015406871356
official_property_contribution,bit_77,bit_97,77,97,0.5643157907276968,0.6186059214596379,0.6439690455647793,0.6439944804883948,21613,7722,599,66,-0.0542646958083256,0.0542646958083256,11,0.6439944804883948
official_property_contribution,bit_17,bit_103,17,103,0.5319211891712434,0.6210523628180118,0.5499486492681427,0.5868214425501912,99,7414,12240,10247,-0.05225838036471986,0.05225838036471986,01,0.6210523628180118
official_property_contribution,bit_120,bit_103,120,103,0.5497622409663623,0.575024024373932,0.5522640540055616,0.6277078188651013,12133,8889,206,8772,0.05018198145197006,0.05018198145197006,11,0.6277078188651013
official_property_contribution,bit_47,bit_97,47,97,0.559332664258823,0.602863682657147,0.6270239056152491,0.6217822700661432,19872,1219,2340,6569,-0.04877265394742991,0.04877265394742991,10,0.6270239056152491
official_property_contribution,bit_67,bit_17,67,17,0.5926465874025704,0.5508516561092132,0.6221177202900929,0.6289148870974225,571,17907,6942,4580,0.048592098100686765,0.048592098100686765,11,0.6289148870974225
official_property_contribution,bit_124,bit_56,124,56,0.616040837341005,0.6271975093251645,0.5605220201633967,0.6200681631859785,4256,4236,20378,1130,0.04838947103842228,0.04838947103842228,01,0.6271975093251645
official_property_contribution,bit_47,bit_124,47,124,0.6111753120457556,0.5562756300907877,0.6251223602794443,0.618284425750362,2141,18950,6351,2558,0.04806174742588554,0.04806174742588554,10,0.6251223602794443
official_property_contribution,bit_124,bit_84,124,84,0.6290128288884984,0.6144124366655611,0.6243646707827634,0.5620184980491362,4184,4308,563,20945,-0.047745780510689895,0.047745780510689895,00,0.6290128288884984
official_property_contribution,bit_120,bit_84,120,84,0.612920562927523,0.5603489725940483,0.6285869620575338,0.623097535226256,38,20984,4709,4269,0.04708216350219685,0.04708216350219685,10,0.6285869620575338
official_property_contribution,bit_47,bit_5,47,5,0.5600294153940453,0.6117398375430765,0.620822941883882,0.6256685954253658,20349,742,4614,4295,-0.0468647686075474,0.0468647686075474,11,0.6256685954253658
official_property_contribution,bit_17,bit_5,17,5,0.613728764631953,0.6237110911187356,0.5657173721234928,0.6225492594410769,2885,4628,22078,409,0.046849560830801495,0.046849560830801495,01,0.6237110911187356
official_property_contribution,bit_23,bit_124,23,124,0.6294471565482262,0.6226755642404748,0.6122811858901124,0.5588264828948893,4613,1625,3879,19883,-0.04668311068747155,0.04668311068747155,00,0.6294471565482262
official_property_contribution,bit_77,bit_84,77,84,0.6259971999189313,0.5708897456392779,0.6443043637765309,0.6357925212436,4108,25227,639,26,0.046595611746722554,0.046595611746722554,10,0.6443043637765309
official_property_contribution,bit_120,bit_124,120,124,0.6079451389661299,0.5508089663368897,0.6313953781260933,0.6193268287323321,3545,17477,4947,4031,0.04506762323547908,0.04506762323547908,10,0.6313953781260933
official_property_contribution,bit_47,bit_12,47,12,0.5570294937691461,0.6109501729337777,0.6160006827325094,0.6256341553518827,19206,1885,2289,6620,-0.044287206545258306,0.044287206545258306,11,0.6256341553518827
official_property_contribution,bit_56,bit_5,56,5,0.5683213728422282,0.6136124826038353,0.6246934567725327,0.6260180714599137,23659,975,1304,4062,-0.04396649507422612,0.04396649507422612,11,0.6260180714599137
official_property_contribution,bit_47,bit_17,47,17,0.6043655861182969,0.5585886172321561,0.6237540018817187,0.6219249019645158,1502,19589,6011,2898,0.043947868968937875,0.043947868968937875,10,0.6237540018817187
official_property_contribution,bit_51,bit_124,51,124,0.6289037576855335,0.6132360437043771,0.609002583298624,0.5505973689302734,5378,4482,3114,17026,-0.04273750038719415,0.04273750038719415,00,0.6289037576855335
official_property_contribution,bit_56,bit_3,56,3,0.6058005965376132,0.5574689474917863,0.627024137624004,0.6205637127927682,6445,18189,4263,1103,0.04187122421459111,0.04187122421459111,10,0.627024137624004
official_property_contribution,bit_86,bit_12,86,12,0.6270550203735707,0.6311056533415956,0.5523676965523034,0.5952012521511572,3149,6438,18346,2067,0.03878292263082883,0.03878292263082883,01,0.6311056533415956
official_property_contribution,bit_86,bit_103,86,103,0.5738293382697793,0.6300507836971581,0.5497121449618727,0.5672893810212611,47,9540,12292,8121,-0.03864420936799029,0.03864420936799029,01,0.6300507836971581
official_property_contribution,bit_67,bit_47,67,47,0.549798953019749,0.59395466500306,0.6205111998675138,0.626772722607994,17497,981,3594,7928,-0.037894189242830834,0.037894189242830834,11,0.626772722607994
official_property_contribution,bit_47,bit_56,47,56,0.5606006541844675,0.6081117298266792,0.6178012925620222,0.6277206516162868,20537,554,4097,4812,-0.03759171658794713,0.03759171658794713,11,0.6277206516162868
official_property_contribution,bit_12,bit_3,12,3,0.6011030112437202,0.5510737461508004,0.6269290429770333,0.6142596500136955,5257,16238,5451,3054,0.03735987212958203,0.03735987212958203,10,0.6269290429770333
official_property_contribution,bit_23,bit_3,23,3,0.6301450528491458,0.6207118129073571,0.6022335273436347,0.5555800288567337,4610,1628,6098,17664,-0.03722025854511224,0.03722025854511224,00,0.6301450528491458
official_property_contribution,bit_67,bit_12,67,12,0.5507947734612596,0.5884891506736551,0.6239324473479259,0.6252355757030021,17817,661,3678,7844,-0.03639124885731926,0.03639124885731926,11,0.6252355757030021
official_property_contribution,bit_86,bit_84,86,84,0.6311654682896415,0.6285992593710382,0.5949070156038939,0.5560307924433533,4393,5194,354,20059,-0.03631001424193736,0.03631001424193736,00,0.6311654682896415
official_property_contribution,bit_12,bit_31,12,31,0.6014793054043962,0.5402003712373514,0.6347101249695901,0.6083209884681482,8106,13389,4531,3974,0.03488979766560285,0.03488979766560285,10,0.6347101249695901
official_property_contribution,bit_31,bit_56,31,56,0.6055188745852275,0.6315441904094247,0.5503918645403835,0.6111937028378159,8813,3824,15821,1542,0.03477652247323526,0.03477652247323526,01,0.6315441904094247
official_property_contribution,bit_124,bit_103,124,103,0.5557891159531645,0.6226772538840454,0.5497373059903621,0.5818968733250366,136,8356,12203,9305,-0.034728570596206376,0.034728570596206376,01,0.6226772538840454
official_property_contribution,bit_47,bit_84,47,84,0.6083429885042625,0.5611482422710827,0.6298817389080601,0.6164978862314722,313,20778,4434,4475,0.03381089355659184,0.03381089355659184,10,0.6298817389080601
official_property_contribution,bit_12,bit_56,12,56,0.5623934961700348,0.6071339960110224,0.6155329613727107,0.6273541850703822,21055,440,3579,4926,-0.032919276143316134,0.032919276143316134,11,0.6273541850703822
official_property_contribution,bit_17,bit_97,17,97,0.6123760092034907,0.6206498580753151,0.5649676472892643,0.606057098375523,701,6812,21511,976,0.03281560221443425,0.03281560221443425,01,0.6206498580753151
official_property_contribution,bit_51,bit_103,51,103,0.5684050398721316,0.627117072845871,0.5483475267888307,0.574469828533306,896,8964,11443,8697,-0.03258973122926412,0.03258973122926412,01,0.627117072845871
official_property_contribution,bit_120,bit_3,120,3,0.5910331360606196,0.5536511593159625,0.6271257496551218,0.6221900567393951,3820,17202,6888,2090,0.032446283828930333,0.032446283828930333,10,0.6271257496551218
official_property_contribution,bit_36,bit_103,36,103,0.5417627295876365,0.5393877111384389,0.5829676068252494,0.6129796187253174,9931,2829,2408,14832,0.0323870303492656,0.0323870303492656,11,0.6129796187253174
official_property_contribution,bit_120,bit_31,120,31,0.5966533006547494,0.5421773925420043,0.6345121169523839,0.6119072780766648,7049,13973,5588,3390,0.031871069237026095,0.031871069237026095,10,0.6345121169523839
official_property_contribution,bit_86,bit_31,86,31,0.6320728420645686,0.6222652367647232,0.5875030385667015,0.5459153705692763,7341,2246,5296,15117,-0.031780062697579825,0.031780062697579825,00,0.6320728420645686
official_property_contribution,bit_97,bit_5,97,5,0.5663615989118976,0.6117777641107198,0.6100713575937821,0.6237354498903895,22162,50,2801,4987,-0.03175207290221471,0.03175207290221471,11,0.6237354498903895
official_property_contribution,bit_56,bit_17,56,17,0.6083481660507506,0.5647616422930026,0.6276491117106,0.6157135085926878,3025,21609,4488,878,0.03165092063983577,0.03165092063983577,10,0.6276491117106
official_property_contribution,bit_23,bit_31,23,31,0.6409707073961759,0.6128636379863398,0.6036917168612779,0.5441151318334676,3289,2949,9348,14414,-0.031469515617974175,0.031469515617974175,00,0.6409707073961759
official_property_contribution,bit_31,bit_84,31,84,0.6345365252652954,0.6053880151264903,0.6119362903795715,0.5513383273540737,3471,9166,1276,16087,-0.031449452886692764,0.031449452886692764,00,0.6345365252652954
official_property_contribution,bit_86,bit_56,86,56,0.6281643219946785,0.6315135088102465,0.555419771307737,0.5901680593079547,4976,4611,19658,755,0.031399101184649725,0.031399101184649725,01,0.6315135088102465
official_property_contribution,bit_58,bit_31,58,31,0.5928055026984826,0.5434109675949923,0.6191448110852537,0.6009653848151979,2759,13628,9878,3735,0.03121510883343459,0.03121510883343459,10,0.6191448110852537
official_property_contribution,bit_120,bit_17,120,17,0.5900708515787797,0.5584959152246934,0.6260972524393525,0.6257055977721935,1297,19725,6216,2762,0.03118328168692719,0.03118328168692719,10,0.6260972524393525
official_property_contribution,bit_86,bit_17,86,17,0.6316529332555867,0.6272717661220403,0.5881806620572921,0.5532196703590386,5478,4109,2035,18378,-0.030579824564707092,0.030579824564707092,00,0.6316529332555867
official_property_contribution,bit_86,bit_23,86,23,0.6347586739359283,0.6240727084574721,0.5954208103311318,0.5544531957883714,5116,4471,1122,19291,-0.030281649064304195,0.030281649064304195,00,0.6347586739359283
official_property_contribution,bit_67,bit_124,67,124,0.5834714285107675,0.5506957944564467,0.6256599488744043,0.6231423893915996,816,17662,7676,3846,0.03025807457151608,0.03025807457151608,10,0.6256599488744043
official_property_contribution,bit_120,bit_12,120,12,0.5582668530747509,0.5946195432791523,0.6208465374068317,0.6272030333178557,19763,1259,1732,7246,-0.02999619429337752,0.02999619429337752,11,0.6272030333178557
official_property_contribution,bit_47,bit_31,47,31,0.5986825657565918,0.5415517773272722,0.6348239425799197,0.6072215964337504,7493,13598,5144,3765,0.029528442283150325,0.029528442283150325,10,0.6348239425799197
official_property_contribution,bit_58,bit_103,58,103,0.5432845390226062,0.564017538777772,0.5739297724588281,0.623767064386647,9714,6673,2625,10988,0.02910429217265298,0.02910429217265298,11,0.623767064386647
official_property_contribution,bit_67,bit_97,67,97,0.5512288848744787,0.575642862683625,0.627685878200075,0.6230318066863709,17786,692,4426,7096,-0.029068049322850342,0.029068049322850342,10,0.627685878200075
official_property_contribution,bit_36,bit_56,36,56,0.5409073898447382,0.5946921068524694,0.6011044187250708,0.6261534965141943,12682,78,11952,5288,-0.028735639218607778,0.028735639218607778,11,0.6261534965141943
official_property_contribution,bit_36,bit_23,36,23,0.543863945244701,0.5412177106162642,0.6288963463849343,0.5976391730455455,89,12671,6149,11091,-0.028610938710951994,0.028610938710951994,10,0.6288963463849343
official_property_contribution,bit_3,bit_17,3,17,0.6275570598604269,0.6034466954595124,0.6063070506262853,0.5536683850327658,4798,5910,2715,16577,-0.028528301192604966,0.028528301192604966,00,0.6275570598604269
official_property_contribution,bit_86,bit_124,86,124,0.6325516258123727,0.6243260444484514,0.5891373552967472,0.5529047543484384,6351,3236,2141,18272,-0.02800701958438745,0.02800701958438745,00,0.6325516258123727
official_property_contribution,bit_33,bit_103,33,103,0.5428095993078599,0.569327695110643,0.5765089428886236,0.6307895907414298,9778,8505,2561,9156,0.027762552050023093,0.027762552050023093,11,0.6307895907414298
official_property_contribution,bit_86,bit_5,86,5,0.6294313012660666,0.6301940430827687,0.555719353565835,0.5838586330142419,5265,4322,19698,715,0.027376537631704778,0.027376537631704778,01,0.6301940430827687
official_property_contribution,bit_86,bit_120,86,120,0.620946861373566,0.6320994368619295,0.5540896758452675,0.5925246622495549,1998,7589,19024,1389,0.027282410915923982,0.027282410915923982,01,0.6320994368619295
official_property_contribution,bit_47,bit_23,47,23,0.606788281314877,0.5600814312729079,0.6307482493673654,0.6112577672659874,798,20293,5440,3469,0.027216367940591124,0.027216367940591124,10,0.6307482493673654
official_property_contribution,bit_36,bit_124,36,124,0.5934389727659826,0.5395816158652326,0.622969182209932,0.596219838760247,392,12368,8100,9140,0.02710801345106495,0.02710801345106495,10,0.622969182209932
official_property_contribution,bit_51,bit_56,51,56,0.615790845552372,0.6275135325080039,0.5589996398427814,0.5976910813263626,4821,5039,19813,327,0.026968754527949224,0.026968754527949224,01,0.6275135325080039
official_property_contribution,bit_67,bit_56,67,56,0.5515714376337264,0.5844835334547617,0.6220943241465874,0.6283184260976361,18157,321,6477,5045,-0.026687993869986548,0.026687993869986548,11,0.6283184260976361
official_property_contribution,bit_51,bit_31,51,31,0.634096243658827,0.6048171007217117,0.5963129673342534,0.5404081312028133,5713,4147,6924,13216,-0.02662569319432484,0.02662569319432484,00,0.634096243658827
official_property_contribution,bit_67,bit_36,67,36,0.539556717108175,0.5782543524874912,0.6129464158929305,0.6251283209010939,12468,6010,292,11230,-0.026515730371152846,0.026515730371152846,11,0.6251283209010939
official_property_contribution,bit_120,bit_56,120,56,0.5594707126929147,0.593800410804157,0.6217772702346814,0.6296814735979612,20426,596,4208,4770,-0.02642549474796252,0.02642549474796252,11,0.6296814735979612
official_property_contribution,bit_12,bit_97,12,97,0.5637148214731856,0.5407778018384706,0.6193766525840444,0.6228243785805802,21115,380,1097,7408,0.026384745631250817,0.026384745631250817,11,0.6228243785805802
official_property_contribution,bit_33,bit_84,33,84,0.6038469772444119,0.5516173916032041,0.6371173031957074,0.6111386869887839,1235,17048,3512,8205,0.0262509694342844,0.0262509694342844,10,0.6371173031957074
official_property_contribution,bit_47,bit_103,47,103,0.5494081897252887,0.5785746419056272,0.5694246313223401,0.6246721363140828,12095,8996,244,8665,0.02608105281140416,0.02608105281140416,11,0.6246721363140828
official_property_contribution,bit_124,bit_31,124,31,0.6303220287433697,0.6034363713281932,0.5993106266870182,0.5468138294594663,5739,2753,6898,14610,-0.025611139812375283,0.025611139812375283,00,0.6303220287433697
official_property_contribution,bit_84,bit_3,84,3,0.6293628318457752,0.6120414672639027,0.6032951031040684,0.5604153435927718,4500,247,6208,19045,-0.025558394929424133,0.025558394929424133,00,0.6293628318457752
official_property_contribution,bit_31,bit_97,31,97,0.6030929147870961,0.6356617568388139,0.5431455835197835,0.6010652912526556,8640,3997,13572,3791,0.02535086568115441,0.02535086568115441,01,0.6356617568388139
official_property_contribution,bit_86,bit_47,86,47,0.62051734953858,0.6337170261214474,0.5526337701108974,0.5906683695943087,2863,6724,18228,2185,0.024834922900543788,0.024834922900543788,01,0.6337170261214474
official_property_contribution,bit_120,bit_23,120,23,0.5981736998403286,0.559132860317852,0.6314491852784647,0.6171916683834437,706,20316,5532,3446,0.02478332262745564,0.02478332262745564,10,0.6314491852784647
official_property_contribution,bit_67,bit_23,67,23,0.5867450013145369,0.5515101105983755,0.6299844538793283,0.6193880364224906,332,18146,5906,5616,0.024638473259323668,0.024638473259323668,10,0.6299844538793283
official_property_contribution,bit_120,bit_47,120,47,0.5552247071960856,0.6003769819403826,0.611129162513312,0.6317035970194548,18592,2430,2499,6479,-0.024577840238154125,0.024577840238154125,11,0.6317035970194548
official_property_contribution,bit_56,bit_97,56,97,0.5651743274768465,0.6052676215619797,0.6118994194430737,0.6274755585489056,21599,3035,613,4753,-0.024517154979301292,0.024517154979301292,11,0.6274755585489056
official_property_contribution,bit_31,bit_3,31,3,0.6214551459974942,0.599859671304875,0.5937819178894878,0.5485246237799949,7920,4717,2788,14575,-0.02366181941687373,0.02366181941687373,00,0.6214551459974942
official_property_contribution,bit_3,bit_97,3,97,0.6024141878958709,0.62765067124654,0.5540946127868263,0.6027899096975534,5686,5022,16526,2766,0.02345881356005808,0.02345881356005808,01,0.62765067124654
official_property_contribution,bit_86,bit_97,86,97,0.6272576721878036,0.6314038931300978,0.5540519489228962,0.5815843921267194,3766,5821,18446,1967,0.023386222261528977,0.023386222261528977,01,0.6314038931300978
official_property_contribution,bit_33,bit_56,33,56,0.5507336961240453,0.6002488236331615,0.610559969343755,0.6367889591124251,16654,1629,7980,3737,-0.023286137740446078,0.023286137740446078,11,0.6367889591124251
official_property_contribution,bit_58,bit_84,58,84,0.5990580993754845,0.5499719639323863,0.6326024848560776,0.6060367347332587,586,15801,4161,9452,0.022520385320279224,0.022520385320279224,10,0.6326024848560776
official_property_contribution,bit_3,bit_5,3,5,0.6056095696778311,0.6270513938414071,0.5594428459211247,0.6030897678438192,6393,4315,18570,722,0.022205097759118497,0.022205097759118497,01,0.6270513938414071
official_property_contribution,bit_47,bit_3,47,3,0.5947885598858844,0.5521222217883105,0.6301093809228328,0.6095308487070334,4808,16283,5900,3009,0.022087805881774614,0.022087805881774614,10,0.6301093809228328
official_property_contribution,bit_33,bit_5,33,5,0.5510361420053812,0.5973272847434493,0.6118575818253651,0.6361146437229908,16660,1623,8303,3414,-0.02203408084044245,0.02203408084044245,11,0.6361146437229908
official_property_contribution,bit_67,bit_58,67,58,0.547749081620074,0.5695286624083844,0.5875724462025517,0.630987891019367,14750,3728,1637,9885,0.021635864028504925,0.021635864028504925,11,0.630987891019367
official_property_contribution,bit_31,bit_5,31,5,0.6056887227774514,0.6350448988722951,0.5507573183800941,0.6015777018892479,9320,3317,15643,1720,0.0214642074143101,0.0214642074143101,01,0.6350448988722951
official_property_contribution,bit_33,bit_17,33,17,0.593705219642107,0.5493412260754107,0.6321030131374288,0.60869456720581,2392,15891,5121,6596,0.020955547635077565,0.020955547635077565,10,0.6321030131374288
official_property_contribution,bit_33,bit_12,33,12,0.5481736964281729,0.5976937497117727,0.6044025964249508,0.6330931500002582,15709,2574,5786,5931,-0.020829499708292287,0.020829499708292287,11,0.6330931500002582
official_property_contribution,bit_67,bit_5,67,5,0.5518682130841267,0.5743503634649115,0.6240227987623574,0.6259310735119182,18252,226,6711,4811,-0.020573875631224037,0.020573875631224037,11,0.6259310735119182
official_property_contribution,bit_51,bit_47,51,47,0.6034590934125009,0.629592710607432,0.5550901446772349,0.6008763841558118,2947,6913,18144,1996,0.019652622283645726,0.019652622283645726,01,0.629592710607432
official_property_contribution,bit_36,bit_97,36,97,0.541197415169597,0.5434049365151515,0.5991984132621893,0.6210544494241356,12536,224,9676,7564,0.019648514816391738,0.019648514816391738,11,0.6210544494241356
official_property_contribution,bit_67,bit_31,67,31,0.5841281806653796,0.5398338904022951,0.6334263687188115,0.6087579052317151,5135,13343,7502,4020,0.01962582677598812,0.01962582677598812,10,0.6334263687188115
official_property_contribution,bit_33,bit_51,33,51,0.5967954176601599,0.5503434984182621,0.6277070285242302,0.6002465647793387,1890,16393,7970,3747,0.018991455497006204,0.018991455497006204,10,0.6277070285242302
official_property_contribution,bit_86,bit_51,86,51,0.6324124185299126,0.6194265936317593,0.5851970626789573,0.5532282344856657,7640,1947,2220,18193,-0.018983003295138356,0.018983003295138356,00,0.6324124185299126
official_property_contribution,bit_51,bit_12,51,12,0.6082296918754063,0.625893088415302,0.5579399415234831,0.5941042239871008,2295,7565,19200,940,0.01850088592372201,0.01850088592372201,01,0.625893088415302
official_property_contribution,bit_120,bit_33,120,33,0.55077850131666,0.5980975901908859,0.6021231761563867,0.6309737091858593,16728,4294,1555,7423,-0.018468555844753376,0.018468555844753376,11,0.6309737091858593
official_property_contribution,bit_51,bit_3,51,3,0.6279147119734956,0.6080882518610862,0.5903770022669423,0.5522482017585403,6810,3050,3898,16242,-0.018302340395992656,0.018302340395992656,00,0.6279147119734956
official_property_contribution,bit_86,bit_67,86,67,0.5695812350833835,0.6316594573967623,0.5518641704484128,0.5962556519315891,291,9296,18187,2226,-0.017686740830202496,0.017686740830202496,01,0.6316594573967623
official_property_contribution,bit_31,bit_17,31,17,0.6352112307999019,0.6016382281485244,0.5979056733714788,0.5466814472363006,4425,8212,3088,14275,-0.01765122348380066,0.01765122348380066,00,0.6352112307999019
official_property_contribution,bit_58,bit_3,58,3,0.5544546825665636,0.5515639358562209,0.6199104178408718,0.5994660529536654,926,15461,9782,3831,-0.017553618176863628,0.017553618176863628,10,0.6199104178408718
official_property_contribution,bit_36,bit_31,36,31,0.5803164783169356,0.5290346230126742,0.6238539733022636,0.5898517743806877,3036,9724,9601,7639,0.01727965638268547,0.01727965638268547,10,0.6238539733022636
official_property_contribution,bit_120,bit_97,120,97,0.5591353307321467,0.5796965412355594,0.6235264213447136,0.6269371455892059,19684,1338,2528,6450,-0.01715048625892035,0.01715048625892035,11,0.6269371455892059
official_property_contribution,bit_51,bit_17,51,17,0.6249592334902568,0.6154711397597555,0.5849840444309831,0.558365654697272,6558,3302,955,19185,-0.01713029600320981,0.01713029600320981,00,0.6249592334902568
official_property_contribution,bit_33,bit_58,33,58,0.546600402431776,0.5815509955611075,0.5792399726260868,0.6300979116293065,13813,4470,2574,9143,0.0159073458738882,0.0159073458738882,11,0.6300979116293065
official_property_contribution,bit_58,bit_56,58,56,0.5495345598476288,0.5919574832320141,0.6052804564087161,0.6320198463385784,15540,847,9094,4519,-0.015683533454523002,0.015683533454523002,11,0.6320198463385784
official_property_contribution,bit_86,bit_3,86,3,0.6289460375046805,0.6348515306786731,0.5651578631130817,0.5555429789838977,8241,1346,2467,17946,-0.015520377303176569,0.015520377303176569,01,0.6348515306786731
official_property_contribution,bit_58,bit_23,58,23,0.5971897249504491,0.5476852413014797,0.6360097291967426,0.6018673801355287,1338,15049,4900,8713,0.015362134587755483,0.015362134587755483,10,0.6360097291967426
official_property_contribution,bit_33,bit_23,33,23,0.5980394553457808,0.5507139437207347,0.6388961505735224,0.6063558501001994,1712,16571,4526,7191,0.014785211151723154,0.014785211151723154,10,0.6388961505735224
official_property_contribution,bit_33,bit_97,33,97,0.5493223338120901,0.5897875865151797,0.6073630296439296,0.6336333955986269,15652,2631,6560,5157,-0.014194886748392421,0.014194886748392421,11,0.6336333955986269
official_property_contribution,bit_33,bit_31,33,31,0.5887957389692793,0.5407798030739338,0.6321682898958131,0.5980656619523088,5470,12813,7167,4550,0.013913307951841203,0.013913307951841203,10,0.6321682898958131
official_property_contribution,bit_58,bit_17,58,17,0.5893095693997006,0.546103391104259,0.6319972312511397,0.6024988524297059,2133,14254,5380,8233,0.013707799474007798,0.013707799474007798,10,0.6319972312511397
official_property_contribution,bit_51,bit_23,51,23,0.6299263172650895,0.6098349658720534,0.5926120717933856,0.5590020400139759,5863,3997,375,19765,-0.013518680386373605,0.013518680386373605,00,0.6299263172650895
official_property_contribution,bit_58,bit_5,58,5,0.5495054656222865,0.587992762849833,0.6065534271195058,0.6318544177836634,15441,946,9522,4091,-0.013186306563388928,0.013186306563388928,11,0.6318544177836634
official_property_contribution,bit_36,bit_17,36,17,0.5504285698601235,0.5410964790756765,0.6216895054380511,0.599262869868088,191,12569,7322,9918,-0.013094544785516193,0.013094544785516193,10,0.6216895054380511
official_property_contribution,bit_12,bit_17,12,17,0.5589043056670795,0.5634050172266888,0.6238269767532365,0.6153319782186314,457,21038,7056,1449,-0.012995710094214408,0.012995710094214408,10,0.6238269767532365
official_property_contribution,bit_33,bit_124,33,124,0.5949743811207371,0.5461646551952619,0.6390765669139148,0.6032424131782884,3364,14919,5128,6589,0.012975572189848794,0.012975572189848794,10,0.6390765669139148
official_property_contribution,bit_36,bit_5,36,5,0.5411534987346176,0.5511997700845318,0.602227665032424,0.6251584754562111,12655,105,12308,4932,0.01288453907387288,0.01288453907387288,11,0.6251584754562111
official_property_contribution,bit_58,bit_12,58,12,0.5462658027538639,0.5922562131352099,0.5982009586810865,0.6313170595591577,14441,1946,7054,6559,-0.012874309503274728,0.012874309503274728,11,0.6313170595591577
official_property_contribution,bit_51,bit_5,51,5,0.6182609916500584,0.6253226228636958,0.55965998726149,0.5543104364543847,4944,4916,20019,121,-0.01241118202074265,0.01241118202074265,01,0.6253226228636958
official_property_contribution,bit_120,bit_5,120,5,0.5602031118444841,0.5750535667125442,0.6246975879612057,0.6271431666439377,20681,341,4282,4696,-0.01240487618532804,0.01240487618532804,11,0.6271431666439377
official_property_contribution,bit_3,bit_103,3,103,0.5742935071714841,0.6190434149827793,0.5472942290961693,0.5801194381597773,1147,9561,11192,8100,-0.011924698747687201,0.011924698747687201,01,0.6190434149827793
official_property_contribution,bit_33,bit_47,33,47,0.5468279196958301,0.5957563151750482,0.6003779330504004,0.6378405522565295,15175,3108,5916,5801,-0.01146577627308909,0.01146577627308909,11,0.6378405522565295
official_property_contribution,bit_86,bit_36,86,36,0.5984545689382743,0.6313213052515767,0.539139693862564,0.5833845332416957,451,9136,12309,8104,0.011378103065829315,0.011378103065829315,01,0.6313213052515767
official_property_contribution,bit_31,bit_103,31,103,0.5902672742473518,0.6207137042068751,0.536587429911468,0.5779472454803715,3038,9599,9301,8062,0.010913385609380155,0.010913385609380155,01,0.6207137042068751
official_property_contribution,bit_120,bit_51,120,51,0.5875934764624526,0.5587319725489799,0.6267316024111388,0.6081646318977413,1247,19775,8613,365,0.010294533400075245,0.010294533400075245,10,0.6267316024111388
official_property_contribution,bit_67,bit_120,67,120,0.5520795539344837,0.556120137278669,0.6141033421158019,0.6283168438196985,18187,291,2835,8687,0.010172918359711347,0.010172918359711347,11,0.6283168438196985
official_property_contribution,bit_67,bit_51,67,51,0.5733479955838965,0.5508204008593125,0.6277704594310302,0.6153933802885805,1085,17393,8775,2747,0.010150515582134312,0.010150515582134312,10,0.6277704594310302
official_property_contribution,bit_124,bit_3,124,3,0.6295438934548959,0.6011255587186978,0.5938491969119621,0.5554618579112158,6120,2372,4588,16920,-0.009969004264548165,0.009969004264548165,00,0.6295438934548959
official_property_contribution,bit_36,bit_12,36,12,0.5408305130970398,0.5607388024325537,0.5945472602992702,0.6243234803853451,12500,260,8995,8245,0.009867930750561027,0.009867930750561027,11,0.6243234803853451
official_property_contribution,bit_58,bit_124,58,124,0.5885229063083441,0.5470474752074247,0.6308143307934047,0.5982809980953105,1849,14538,6643,6970,0.008942098402825338,0.008942098402825338,10,0.6308143307934047
official_property_contribution,bit_67,bit_33,67,33,0.547217403377075,0.5765687828523915,0.5970964546520955,0.6341700440971484,15377,3101,2906,8616,0.007722209969736382,0.007722209969736382,11,0.6341700440971484
official_property_contribution,bit_58,bit_47,58,47,0.5450618369386262,0.5915808856679282,0.5952674992241943,0.6344599530034877,14039,2348,7052,6561,-0.007326594950008647,0.007326594950008647,11,0.6344599530034877
official_property_contribution,bit_58,bit_97,58,97,0.5468501998672368,0.5835279525543677,0.6012802353294991,0.6325318510621483,14208,2179,8004,5609,-0.005426136954481797,0.005426136954481797,11,0.6325318510621483
official_property_contribution,bit_120,bit_58,120,58,0.5491509329854035,0.5915216110303082,0.5927653023013753,0.6299903332811589,15419,5603,968,8010,-0.005145647065120995,0.005145647065120995,11,0.6299903332811589
official_property_contribution,bit_33,bit_3,33,3,0.5802165983882984,0.5479616015981367,0.6351336278991705,0.597756768515529,4072,14211,6636,5081,-0.005121862593479798,0.005121862593479798,10,0.6351336278991705
official_property_contribution,bit_67,bit_3,67,3,0.5623366250490599,0.5506026136920963,0.6294566639709039,0.6129664525163561,2426,16052,8282,3240,-0.004756200097584262,0.004756200097584262,10,0.6294566639709039
official_property_contribution,bit_36,bit_33,36,33,0.5350794692083519,0.5791892251021705,0.5853076145276254,0.6260479957386605,10979,1781,7304,9936,-0.0033693746827834214,0.0033693746827834214,11,0.6260479957386605
official_property_contribution,bit_36,bit_120,36,120,0.5408531007219305,0.5745630119883364,0.5898408417625313,0.6268207568743921,12615,145,8407,8833,0.0032700038454549496,0.0032700038454549496,11,0.6268207568743921
official_property_contribution,bit_36,bit_3,36,3,0.5682817998004358,0.5347832302888751,0.627945706602009,0.5912066321137411,2458,10302,8250,8990,-0.003240504976707137,0.003240504976707137,10,0.627945706602009
official_property_contribution,bit_77,bit_23,77,23,0.6250489571635577,0.5670679788308373,0.6661292828172233,0.610525965579802,5838,23497,400,265,0.002377661095299133,0.002377661095299133,10,0.6661292828172233
official_property_contribution,bit_36,bit_58,36,58,0.5294971059469177,0.5740378227065941,0.5816124096919145,0.6273198983826951,9397,3363,6990,10250,0.0011667719311041491,0.0011667719311041491,11,0.6273198983826951
official_property_contribution,bit_58,bit_51,58,51,0.5864274540356109,0.5473864900155705,0.6297956625358216,0.5916090799501285,1822,14565,8038,5575,0.00085438143434724,0.00085438143434724,10,0.6297956625358216
official_property_contribution,bit_51,bit_97,51,97,0.6129447669419593,0.6258285396268769,0.5589330211913034,0.5725855099775488,3097,6763,19115,1025,0.0007687161013277821,0.0007687161013277821,01,0.6258285396268769
official_property_contribution,bit_56,bit_103,56,103,0.5492328503755566,0.5904364305150596,0.5865213370741045,0.6271263552626128,12150,12484,189,5177,-0.0005985619509946138,0.0005985619509946138,11,0.6271263552626128
official_property_contribution,bit_86,bit_33,86,33,0.6015882714245206,0.6373705406542197,0.5493286667035556,0.5854805696388066,2035,7552,16248,4165,0.000369633705551875,0.000369633705551875,01,0.6373705406542197
official_property_contribution,bit_86,bit_58,86,58,0.6026255030930092,0.6304961270588394,0.550945159152525,0.5784545684563405,248,9339,16139,4274,-0.0003612146620146639,0.0003612146620146639,01,0.6304961270588394
qed,bit_12,bit_63,12,63,0.5891206172857523,0.6043323453321301,0.6999509118489939,0.5748037290375085,1400,20095,8478,27,-0.14035891085786323,0.14035891085786323,10,0.6999509118489939
qed,bit_12,bit_48,12,48,0.6041848328932821,0.5942746965390481,0.5824312625904109,0.6999127631221174,19666,1829,26,8479,0.12739163688594046,0.12739163688594046,11,0.6999127631221174
qed,bit_0,bit_5,0,5,0.6087022476160897,0.7072546338281335,0.6876752574926265,0.7002331421106086,22511,396,2452,4641,-0.08599450159406163,0.08599450159406163,01,0.7072546338281335
qed,bit_100,bit_5,100,5,0.687571711457326,0.7002787007135826,0.6087240342053266,0.7068366236877719,2449,4648,22514,389,0.0854056002261887,0.0854056002261887,11,0.7068366236877719
qed,bit_17,bit_5,17,5,0.6894677421381068,0.7011570687604914,0.606919177071713,0.6965768540531072,2885,4628,22078,409,0.07796835035900962,0.07796835035900962,01,0.7011570687604914
qed,bit_5,bit_101,5,101,0.6772020920429294,0.6070767719573755,0.7001521552812856,0.7048136192863139,3340,21623,4353,684,0.07478678409058215,0.07478678409058215,11,0.7048136192863139
qed,bit_5,bit_56,5,56,0.6128395326211833,0.6821361389364571,0.7045483958666033,0.6998818713838839,23659,1304,975,4062,-0.07396313079799322,0.07396313079799322,10,0.7045483958666033
qed,bit_67,bit_17,67,17,0.6904250382166641,0.5922143774249453,0.6971818861236354,0.6724189231765287,571,17907,6942,4580,0.07344769784461214,0.07344769784461214,10,0.6971818861236354
qed,bit_100,bit_0,100,0,0.6901237883344569,0.6959101379834725,0.610336289392015,0.6878560873887682,20,7077,22887,16,0.07173344834773765,0.07173344834773765,01,0.6959101379834725
qed,bit_23,bit_5,23,5,0.6999785346779838,0.7046102816196548,0.6089711518280648,0.6820227775318162,2054,4184,22909,853,0.06841987876208033,0.06841987876208033,01,0.7046102816196548
qed,bit_36,bit_56,36,56,0.5748044317834218,0.6763022656186978,0.660678998023524,0.6958536516672121,12682,78,11952,5288,-0.0663231801915879,0.0663231801915879,11,0.6958536516672121
qed,bit_100,bit_48,100,48,0.5932186686758639,0.6973463666871696,0.6042113759152621,0.6469664242917037,99,6998,19593,3310,-0.06137264963486411,0.06137264963486411,01,0.6973463666871696
qed,bit_0,bit_101,0,101,0.6672982124827082,0.606319781720044,0.6958938881458043,0.6958793376528244,1535,21372,6158,935,0.060963880269684245,0.060963880269684245,10,0.6958938881458043
qed,bit_5,bit_16,5,16,0.6660756936206221,0.6006120830289796,0.7011162413628979,0.6963919914658965,6043,18920,4684,353,0.06073936069464114,0.06073936069464114,10,0.7011162413628979
qed,bit_100,bit_101,100,101,0.6959869345838077,0.695280247454867,0.6668490061772683,0.606345991215416,6162,935,1531,21372,-0.05979632783291167,0.05979632783291167,00,0.6959869345838077
qed,bit_17,bit_16,17,16,0.6962840853513056,0.7055970435694773,0.65090511472979,0.6006787902963254,7203,310,3524,18963,-0.059539282651636216,0.059539282651636216,01,0.7055970435694773
qed,bit_100,bit_63,100,63,0.6973922232699944,0.5910513605557258,0.6523079863365753,0.604358857460673,6997,100,2881,20022,0.058391733838366267,0.058391733838366267,00,0.6973922232699944
qed,bit_0,bit_48,0,48,0.6041911221198646,0.6471232984413359,0.5973649807561577,0.6973152003505266,19591,3316,101,6992,0.05701804327289761,0.05701804327289761,11,0.6973152003505266
qed,bit_97,bit_17,97,17,0.6781510734788668,0.6052203895658776,0.6985739060163396,0.6819320950260277,701,21511,6812,976,0.05628887292267726,0.05628887292267726,10,0.6985739060163396
qed,bit_23,bit_56,23,56,0.699583573568712,0.7051218587116099,0.6079346674345518,0.6690752995611022,2294,3944,22340,1422,0.05560234698365252,0.05560234698365252,01,0.7051218587116099
qed,bit_17,bit_100,17,100,0.6996935895934083,0.6847993639556073,0.6753991003423312,0.6050787539559812,5987,1526,1110,21377,-0.05542612074854891,0.05542612074854891,00,0.6996935895934083
qed,bit_97,bit_0,97,0,0.6062211224993257,0.6697290994339635,0.6895792772729641,0.6976852973282315,21757,455,1150,6638,-0.05540195687937044,0.05540195687937044,11,0.6976852973282315
qed,bit_17,bit_0,17,0,0.684782806179277,0.6997277647511738,0.6050527949449206,0.6753920836484707,1538,5975,21369,1118,0.05539433013165329,0.05539433013165329,01,0.6997277647511738
qed,bit_36,bit_63,36,63,0.5694962505511,0.5758288492086906,0.6945479641336306,0.6458814515027088,814,11946,9064,8176,-0.054999111288512426,0.054999111288512426,10,0.6945479641336306
qed,bit_97,bit_100,97,100,0.66895387971006,0.6062517441683096,0.6977176585536629,0.6893268151818698,450,21762,6647,1141,0.05431129216995734,0.05431129216995734,10,0.6977176585536629
qed,bit_0,bit_63,0,63,0.6524770702672683,0.6043390524085981,0.6973610918315292,0.5951995187552351,2887,20020,6991,102,-0.05402355521762381,0.05402355521762381,10,0.6973610918315292
qed,bit_23,bit_17,23,17,0.706006163114761,0.6887349621814295,0.675896741145144,0.6046027500744491,5183,1055,2330,21432,-0.05402279013736333,0.05402279013736333,00,0.706006163114761
qed,bit_16,bit_48,16,48,0.672851812514111,0.6822798461520494,0.6003723999808258,0.6634753869517642,1028,9699,18664,609,0.053674953332999986,0.053674953332999986,01,0.6822798461520494
qed,bit_17,bit_101,17,101,0.6966593458697862,0.6967228996465823,0.6566729776662154,0.6057293883580905,6448,1065,1245,21242,-0.051007143084920936,0.051007143084920936,01,0.6967228996465823
qed,bit_67,bit_23,67,23,0.6786073094239753,0.5937241224865784,0.7044611753803682,0.6693318411364536,332,18146,5906,5616,0.049753852693482314,0.049753852693482314,10,0.7044611753803682
qed,bit_97,bit_16,97,16,0.6480577845652591,0.6003631236741026,0.69640189873565,0.698106165002657,3334,18878,7393,395,0.04939892715816352,0.04939892715816352,11,0.698106165002657
qed,bit_12,bit_67,12,67,0.591973964207029,0.6584087067353375,0.6835331816846838,0.7009036331267474,17817,3678,661,7844,-0.04906429108624488,0.04906429108624488,11,0.7009036331267474
qed,bit_101,bit_16,101,16,0.690936891751486,0.6782212430067597,0.6615258946981576,0.6005405292674653,7240,453,3487,18820,-0.048269716685966024,0.048269716685966024,00,0.690936891751486
qed,bit_23,bit_0,23,0,0.6900396384884949,0.7058320048059767,0.6064465275099312,0.6694893933721942,1085,5153,21822,1940,0.04725049954478111,0.04725049954478111,01,0.7058320048059767
qed,bit_23,bit_100,23,100,0.705821287744744,0.6898997724215175,0.6693349299774081,0.606486180050268,5166,1072,1931,21831,-0.04692723460391357,0.04692723460391357,00,0.705821287744744
qed,bit_67,bit_5,67,5,0.5943679833399963,0.666420891365491,0.6765417367808232,0.7023994442075814,18252,226,6711,4811,-0.0461952005987365,0.0461952005987365,11,0.7023994442075814
qed,bit_120,bit_23,120,23,0.6756865268654856,0.6004955356238191,0.7065818222267141,0.6770221255746565,706,20316,5532,3446,0.045631294589608906,0.045631294589608906,10,0.7065818222267141
qed,bit_36,bit_48,36,48,0.5755402452497942,0.5738861454837716,0.6475811078230096,0.6913070788916751,11870,890,7822,9418,0.04538007083468809,0.04538007083468809,11,0.6913070788916751
qed,bit_86,bit_67,86,67,0.6057373561263132,0.6977354955490749,0.5950814308427699,0.6439201055680949,291,9296,18187,2226,-0.0431594646974367,0.0431594646974367,01,0.6977354955490749
qed,bit_67,bit_0,67,0,0.591924386429671,0.6631967076857634,0.6719389793492067,0.7004150508557415,17616,862,5291,6231,-0.042796249749557536,0.042796249749557536,11,0.7004150508557415
qed,bit_101,bit_56,101,56,0.6765901058788943,0.7019684743496575,0.6062765000313811,0.674366266451116,3571,4122,21063,1244,0.04271139794897172,0.04271139794897172,01,0.7019684743496575
qed,bit_67,bit_100,67,100,0.6627464110845828,0.5919705269255368,0.7004402490606185,0.6718552787789165,856,17622,6241,5281,0.04219091387734397,0.04219091387734397,10,0.7004402490606185
qed,bit_97,bit_5,97,5,0.6074031289441919,0.6602311759819531,0.6881142034261092,0.701191756312849,22162,50,2801,4987,-0.03975049415102139,0.03975049415102139,11,0.701191756312849
qed,bit_67,bit_97,67,97,0.5925673538032088,0.6641800558184102,0.6676178824483527,0.6996390323988684,17786,692,4426,7096,-0.03959155206468579,0.03959155206468579,11,0.6996390323988684
qed,bit_63,bit_16,63,16,0.6852088304515042,0.6687034111709955,0.6563992767303749,0.6003154004941921,9300,578,1427,18695,-0.03957845695567419,0.03957845695567419,00,0.6852088304515042
qed,bit_120,bit_17,120,17,0.664402582705028,0.5989846306682951,0.7034007722850018,0.6768608561784496,1297,19725,6216,2762,0.0388780359301808,0.0388780359301808,10,0.7034007722850018
qed,bit_120,bit_67,120,67,0.5951527406172356,0.6534952719911385,0.6012806177475876,0.6983833573758375,18187,2835,291,8687,0.038760208254346895,0.038760208254346895,11,0.6983833573758375
qed,bit_120,bit_5,120,5,0.60211402606602,0.658011192460939,0.6857440108328711,0.7038911905668856,20681,341,4282,4696,-0.037749986660904344,0.037749986660904344,11,0.7038911905668856
qed,bit_0,bit_16,0,16,0.6559775932855849,0.6004622987572314,0.6971086693602774,0.6787077144238287,4103,18804,6624,469,0.0371143395919048,0.0371143395919048,10,0.6971086693602774
qed,bit_17,bit_56,17,56,0.6873767335201656,0.7029310898826849,0.6065431333868301,0.657939584670827,3025,4488,21609,878,0.03584209492147761,0.03584209492147761,01,0.7029310898826849
qed,bit_100,bit_16,100,16,0.6971988105769987,0.6775771233116652,0.6558219822088289,0.6004781969944497,6625,472,4102,18801,-0.035722097949045684,0.035722097949045684,00,0.6971988105769987
qed,bit_23,bit_101,23,101,0.706335655924879,0.6885179993922075,0.658428644097932,0.6058566806328989,5100,1138,2593,21169,-0.03475430693236159,0.03475430693236159,00,0.706335655924879
qed,bit_120,bit_56,120,56,0.6016782057786673,0.6490318095058478,0.6882666722954983,0.7013842197628913,20426,596,4208,4770,-0.03423605625978754,0.03423605625978754,11,0.7013842197628913
qed,bit_97,bit_101,97,101,0.6284604426421443,0.606930785688759,0.6955042283426673,0.7063754938689323,610,21602,7083,705,0.03240092247965021,0.03240092247965021,11,0.7063754938689323
qed,bit_67,bit_101,67,101,0.647291696591744,0.5918625412368513,0.6975662696390525,0.6737979684768127,1129,17349,6564,4958,0.031660854192652854,0.031660854192652854,10,0.6975662696390525
qed,bit_23,bit_16,23,16,0.7060330843878839,0.6812165501282279,0.6554608080713261,0.5992135506286823,5497,741,5230,18532,-0.031430723182987785,0.031430723182987785,00,0.7060330843878839
qed,bit_67,bit_56,67,56,0.5943522633904245,0.6459860030849647,0.6784701469622628,0.6987243170949857,18157,321,6477,5045,-0.03137956956181731,0.03137956956181731,11,0.6987243170949857
qed,bit_101,bit_48,101,48,0.6119323003329946,0.69143865702886,0.6041080337318658,0.6527467936622164,121,7572,19571,2736,-0.03086759676551476,0.03086759676551476,01,0.69143865702886
qed,bit_36,bit_33,36,33,0.5646041363405199,0.6421294596928949,0.6437714085773022,0.6918280118905757,10979,1781,7304,9936,-0.029468720039101504,0.029468720039101504,11,0.6918280118905757
qed,bit_33,bit_56,33,56,0.590075538568959,0.65916338968922,0.6715522768079034,0.7114392627590949,16654,1629,7980,3737,-0.0292008651690695,0.0292008651690695,11,0.7114392627590949
qed,bit_33,bit_5,33,5,0.5894812938634564,0.6655186847603212,0.6705910721055682,0.7175506801890082,16660,1623,8303,3414,-0.02907778281342477,0.02907778281342477,11,0.7175506801890082
qed,bit_36,bit_23,36,23,0.5980462184125518,0.5752659827288215,0.7046054992822406,0.653096229312675,89,12671,6149,11091,-0.028729034285835287,0.028729034285835287,10,0.7046054992822406
qed,bit_12,bit_120,12,120,0.5985444039391714,0.6580798433021713,0.6732874778798221,0.7041173884472933,19763,1732,1259,7246,-0.02870552879552868,0.02870552879552868,11,0.7041173884472933
qed,bit_51,bit_56,51,56,0.6837044384497541,0.6989381145746354,0.6001093267293318,0.64365910517703,4821,5039,19813,327,0.028316102322816894,0.028316102322816894,01,0.6989381145746354
qed,bit_56,bit_48,56,48,0.6038316496540935,0.6614294906671507,0.6176314153522132,0.7029292966400983,19229,5405,463,4903,0.027700040274827864,0.027700040274827864,11,0.7029292966400983
qed,bit_51,bit_33,51,33,0.6610266756106732,0.6987136562363464,0.588760737157751,0.653559608661363,1890,7970,16393,3747,0.02711189087793875,0.02711189087793875,01,0.6987136562363464
qed,bit_12,bit_23,12,23,0.6550551818464356,0.6017673683210316,0.7085285183031819,0.6822254456537064,635,20860,5603,2902,0.026984740875928503,0.026984740875928503,10,0.7085285183031819
qed,bit_23,bit_33,23,33,0.6678151670774999,0.7164263726223011,0.5888356535570879,0.6640369811388224,1712,4526,16571,7191,0.026590122036933228,0.026590122036933228,01,0.7164263726223011
qed,bit_86,bit_23,86,23,0.7123797044662492,0.6749908676375812,0.6607047776077394,0.5969001802527681,5116,4471,1122,19291,-0.026415760526303234,0.026415760526303234,00,0.7123797044662492
qed,bit_51,bit_17,51,17,0.7024485145770961,0.6697246815600414,0.6569759075344462,0.5980208822614407,6558,3302,955,19185,-0.02623119225595083,0.02623119225595083,00,0.7024485145770961
qed,bit_101,bit_63,101,63,0.691494217521108,0.6098056319352273,0.6604599082413505,0.6042588173111222,7570,123,2308,19999,0.025487494655652365,0.025487494655652365,00,0.691494217521108
qed,bit_51,bit_63,51,63,0.7018903179563153,0.6538798882084613,0.6209618750980709,0.5984037995618755,7724,2136,2154,17986,0.02545235421165859,0.02545235421165859,00,0.7018903179563153
qed,bit_120,bit_33,120,33,0.5900124380966173,0.6536967687984001,0.6631299785536796,0.7019617093678401,16728,4294,1555,7423,-0.02485259988762234,0.02485259988762234,11,0.7019617093678401
qed,bit_63,bit_56,63,56,0.665769059743988,0.7029958901611056,0.6039901488945177,0.6171117094067603,4976,4902,19658,464,-0.02410526990487505,0.02410526990487505,01,0.7029958901611056
qed,bit_51,bit_48,51,48,0.6554434700729743,0.7012680758218559,0.5980207570771607,0.6200836764921777,2104,7756,17588,2552,-0.023761686333864662,0.023761686333864662,01,0.7012680758218559
qed,bit_17,bit_33,17,33,0.6614272892048632,0.7131293252321733,0.5864175385660532,0.6618708943820265,2392,5121,15891,6596,0.023751319788663183,0.023751319788663183,01,0.7131293252321733
qed,bit_86,bit_56,86,56,0.6860415430167934,0.7045491258307076,0.5988586056670542,0.6407280364623629,4976,4611,19658,755,0.023361847981394512,0.023361847981394512,01,0.7045491258307076
qed,bit_86,bit_5,86,5,0.6830191182708084,0.7094685514949446,0.5986689191675252,0.6482961789791951,5265,4322,19698,715,0.023177826587533756,0.023177826587533756,01,0.7094685514949446
qed,bit_120,bit_0,120,0,0.5990813381043254,0.6537441104286915,0.6753792554943122,0.7073394436371077,19507,1515,3400,5578,-0.022702584181570673,0.022702584181570673,11,0.7073394436371077
qed,bit_120,bit_100,120,100,0.6535996826539012,0.5991204830305078,0.7072766451862664,0.6753508226245857,1505,19517,5592,3386,0.022553377061712676,0.022553377061712676,10,0.7072766451862664
qed,bit_12,bit_33,12,33,0.5846668203544495,0.6540435988076667,0.6668081197292681,0.7137648678395967,15709,5786,2574,5931,-0.02242003034288864,0.02242003034288864,11,0.7137648678395967
qed,bit_67,bit_58,67,58,0.5885047606982086,0.6219341022187865,0.6394279950850915,0.6952728066428411,14750,3728,1637,9885,0.022415470037171592,0.022415470037171592,11,0.6952728066428411
qed,bit_36,bit_120,36,120,0.5750866629681517,0.6048491534646957,0.6449368069890935,0.696719773354021,12615,145,8407,8833,0.022020475868383516,0.022020475868383516,11,0.696719773354021
qed,bit_12,bit_51,12,51,0.6526993610906949,0.5974417869763575,0.7032575311837023,0.6697450084415703,2295,19200,7565,940,0.021745051372205393,0.021745051372205393,10,0.7032575311837023
qed,bit_36,bit_97,36,97,0.5749365855575487,0.6027515359204699,0.6497390105323329,0.6992642554842047,12536,224,9676,7564,0.021710294588950574,0.021710294588950574,11,0.6992642554842047
qed,bit_58,bit_48,58,48,0.5839678304431076,0.6286569805654272,0.642139855526655,0.7085054217534974,12858,3529,6834,6779,0.021676416104522866,0.021676416104522866,11,0.7085054217534974
qed,bit_67,bit_16,67,16,0.6390432771858856,0.5870798711324224,0.6970983342966295,0.6667059866893359,2905,15573,7822,3700,0.021571058446169578,0.021571058446169578,10,0.6970983342966295
qed,bit_36,bit_67,36,67,0.573821304548988,0.6438950530096906,0.6397024173466602,0.6884682071362376,12468,292,6010,11230,-0.021307958671125227,0.021307958671125227,11,0.6884682071362376
qed,bit_12,bit_100,12,100,0.5922456084050927,0.6035300515817458,0.7014161989994502,0.6924511502441928,359,21136,6738,1767,-0.0202494919319105,0.0202494919319105,10,0.7014161989994502
qed,bit_58,bit_63,58,63,0.6311835130500287,0.5848107804319957,0.7085446869168391,0.6421397737459104,3103,13284,6775,6838,-0.020032180552895795,0.020032180552895795,10,0.7085446869168391
qed,bit_12,bit_86,12,86,0.6615111210777689,0.5933570709350982,0.7112954670678878,0.6629817679519696,3149,18346,6438,2067,0.019840351026752523,0.019840351026752523,10,0.7112954670678878
qed,bit_23,bit_51,23,51,0.7061226488570025,0.6555953020709578,0.6700253106978351,0.5997770999040996,5863,375,3997,19765,-0.019720864007690908,0.019720864007690908,00,0.7061226488570025
qed,bit_86,bit_17,86,17,0.7124339936329364,0.6716245607534026,0.6542289597890745,0.5944475026967716,5478,4109,2035,18378,-0.018972024212769112,0.018972024212769112,00,0.7124339936329364
qed,bit_12,bit_0,12,0,0.6034941920582404,0.5945802935727289,0.6924423232962323,0.7014358655572477,21127,368,1780,6725,0.017907440746526837,0.017907440746526837,11,0.7014358655572477
qed,bit_120,bit_97,120,97,0.5996271250091076,0.6529459349934734,0.6689950054513476,0.7055208544972779,19684,1338,2528,6450,-0.01679296093843552,0.01679296093843552,11,0.7055208544972779
qed,bit_97,bit_56,97,56,0.6066143382031273,0.6395050760374171,0.686603656476168,0.702800142041561,21599,613,3035,4753,-0.01669425226889676,0.01669425226889676,11,0.702800142041561
qed,bit_120,bit_101,120,101,0.6430918494911072,0.5992592513902896,0.7046153205774941,0.6773548923300696,1804,19218,5889,3089,0.01657216985339316,0.01657216985339316,10,0.7046153205774941
qed,bit_12,bit_97,12,97,0.6033820931446536,0.6010906497364372,0.687207662452981,0.7013818474121036,21115,380,1097,7408,0.016465628367339002,0.016465628367339002,11,0.7013818474121036
qed,bit_120,bit_51,120,51,0.6546560315420586,0.5997646482107507,0.6968224992191925,0.6577991767494336,1247,19775,8613,365,0.015868060861549016,0.015868060861549016,10,0.6968224992191925
qed,bit_23,bit_97,23,97,0.6610600985408811,0.7073767829626476,0.6060916596793774,0.6675275286466748,578,5660,21634,2128,0.01511918454553085,0.01511918454553085,01,0.7073767829626476
qed,bit_12,bit_16,12,16,0.6256474665737166,0.6001331546136894,0.7001494004168094,0.6896148490546904,2703,18792,8024,481,0.014979760597908176,0.014979760597908176,10,0.7001494004168094
qed,bit_120,bit_48,120,48,0.5996840412041682,0.6251169909889824,0.661353506970385,0.70164451355427,18264,2758,1428,7550,0.014858056799070818,0.014858056799070818,11,0.70164451355427
qed,bit_86,bit_0,86,0,0.6734983232482559,0.7138972841985266,0.5949901500956641,0.6501688945214336,4498,5089,18409,2004,0.014779783475498687,0.014779783475498687,01,0.7138972841985266
qed,bit_86,bit_100,86,100,0.7138252078010717,0.6734632167348692,0.6500362466539624,0.5950314814669008,5102,4485,1995,18418,-0.014642774120859126,0.014642774120859126,00,0.7138252078010717
qed,bit_23,bit_58,23,58,0.6626027327552934,0.7141393616527821,0.5874560696276356,0.6532835021964291,1338,4900,15049,8713,0.014290803671304642,0.014290803671304642,01,0.7141393616527821
qed,bit_33,bit_100,33,100,0.6574182498404602,0.5851565948632655,0.720994781425554,0.6630238625215646,2802,15481,4295,7422,0.014290736073205301,0.014290736073205301,10,0.720994781425554
qed,bit_33,bit_0,33,0,0.5851031083456439,0.6574298240398406,0.6630394036539765,0.7211709460007436,15470,2813,7437,4280,-0.01419517334742959,0.01419517334742959,11,0.7211709460007436
qed,bit_56,bit_16,56,16,0.665226169963298,0.6002011966201456,0.7031847076269562,0.6522327694826047,6163,18471,4564,802,0.014073035198800876,0.014073035198800876,10,0.7031847076269562
qed,bit_97,bit_33,97,33,0.586011551593575,0.6588455635545192,0.6570286490264344,0.7166198946946211,15652,6560,2631,5157,-0.013242766292757557,0.013242766292757557,11,0.7166198946946211
qed,bit_36,bit_16,36,16,0.6238183021645513,0.5687433686090696,0.6910832508271608,0.6491324072758798,1548,11212,9179,8061,0.013124090004200673,0.013124090004200673,10,0.6910832508271608
qed,bit_120,bit_63,120,63,0.6277605588083585,0.5999279313028052,0.7017374740757754,0.6610897324574859,2336,18686,7542,1436,-0.01281511411273617,0.01281511411273617,10,0.7017374740757754
qed,bit_51,bit_0,51,0,0.6700517297147608,0.7058906924343793,0.597932128685767,0.6465426275558864,3962,5898,18945,1195,0.012771536150500973,0.012771536150500973,01,0.7058906924343793
qed,bit_36,bit_101,36,101,0.6037367056323124,0.5743038407738562,0.6960179381747628,0.653833171929419,486,12274,7207,10033,-0.012751901386887532,0.012751901386887532,10,0.6960179381747628
qed,bit_33,bit_16,33,16,0.6453695298645857,0.5782449084223384,0.7116435422592019,0.657187490163216,4899,13384,5828,5889,0.012668569346261371,0.012668569346261371,10,0.7116435422592019
qed,bit_51,bit_100,51,100,0.7058584769013322,0.6699819701555021,0.6462302405665669,0.5979747574427133,5911,3949,1186,18954,-0.012378976378023432,0.012378976378023432,00,0.7058584769013322
qed,bit_86,bit_48,86,48,0.661455057620361,0.7112764573488768,0.5932738467826361,0.6309583973411464,3143,6444,16549,3864,-0.012136849170005348,0.012136849170005348,01,0.7112764573488768
qed,bit_36,bit_58,36,58,0.5585987249570333,0.622441023542781,0.6406347109916494,0.6924949136157802,9397,3363,6990,10250,-0.011982095961616812,0.011982095961616812,11,0.6924949136157802
qed,bit_86,bit_33,86,33,0.6576781104874008,0.704984611018948,0.588535218260052,0.6467207470450685,2035,7552,16248,4165,0.010879028253469314,0.010879028253469314,01,0.704984611018948
qed,bit_33,bit_101,33,101,0.6485456827329139,0.5868302655000657,0.7138177654750724,0.6629781320173522,2785,15498,4908,6809,0.0108757837751281,0.0108757837751281,10,0.7138177654750724
qed,bit_120,bit_16,120,16,0.6404652990644315,0.5950513760717622,0.7028200345047664,0.6677224136308777,3689,17333,7038,1940,0.010316302118780651,0.010316302118780651,10,0.7028200345047664
qed,bit_5,bit_58,5,58,0.5899701453050735,0.6594147252470149,0.652705956233859,0.7119029608736359,15441,9522,946,4091,-0.010247575302164469,0.010247575302164469,11,0.7119029608736359
qed,bit_86,bit_63,86,63,0.7112764573488768,0.661455057620361,0.6335140371868556,0.5937113454286101,6444,3143,3434,16979,0.010018707970270269,0.010018707970270269,00,0.7112764573488768
qed,bit_86,bit_58,86,58,0.6676332483597321,0.6956682398183685,0.592454043166222,0.6304390114816042,248,9339,16139,4274,0.009949976856745923,0.009949976856745923,01,0.6956682398183685
qed,bit_33,bit_58,33,58,0.5848016081189593,0.6315504626809841,0.640763106179365,0.6965231826044102,13813,4470,2574,9143,0.00901122186302028,0.00901122186302028,11,0.6965231826044102
qed,bit_12,bit_56,12,56,0.6030236250707666,0.6185566313277674,0.6955693664122728,0.7024483899614817,21055,440,3579,4926,-0.00865398270779194,0.00865398270779194,11,0.7024483899614817
qed,bit_51,bit_58,51,58,0.6444715372498897,0.7021474391936493,0.5872270310596343,0.6363194458291599,1822,8038,14565,5575,-0.008583487174233961,0.008583487174233961,01,0.7021474391936493
qed,bit_36,bit_86,36,86,0.6371333183147116,0.5731638844776732,0.6977968050237545,0.6417865108213666,451,12309,9136,8104,0.007959139634650558,0.007959139634650558,10,0.6977968050237545
qed,bit_36,bit_5,36,5,0.5750035580164019,0.6262033704575982,0.6590840104615006,0.7023729711340687,12655,105,12308,4932,-0.007910851768628158,0.007910851768628158,11,0.7023729711340687
qed,bit_17,bit_58,17,58,0.6546167414716234,0.7133404908425687,0.5844598946747508,0.6502575228960403,2133,5380,14254,8233,0.007073878850344273,0.007073878850344273,01,0.7133404908425687
qed,bit_23,bit_63,23,63,0.7063518384178574,0.6629031400694986,0.6532024675159903,0.6028940420007415,5769,469,4109,19653,-0.006859727166889984,0.006859727166889984,00,0.7063518384178574
qed,bit_86,bit_16,86,16,0.7124117194664508,0.6653821161898692,0.6415934630054033,0.5880843475142332,6026,3561,4701,15712,-0.006479512214588534,0.006479512214588534,00,0.7124117194664508
qed,bit_86,bit_101,86,101,0.7132886424294459,0.6729955203872602,0.6413694976107869,0.5947658069967551,5222,4365,2471,17942,-0.006310568571846087,0.006310568571846087,00,0.7132886424294459
qed,bit_67,bit_48,67,48,0.5925867949343421,0.6178029694978668,0.6645687761853917,0.6959620850774217,16527,1951,3165,8357,0.006177134328505307,0.006177134328505307,11,0.6959620850774217
qed,bit_33,bit_48,33,48,0.5848390093548071,0.635751640275669,0.6540012574078576,0.7110549747650942,14192,4091,5500,6217,0.0061410864363746764,0.0061410864363746764,11,0.7110549747650942
qed,bit_86,bit_97,86,97,0.6669426467975297,0.7130583627241813,0.5953905288203829,0.6474521825679966,3766,5821,18446,1967,0.005945937820962088,0.005945937820962088,01,0.7130583627241813
qed,bit_86,bit_120,86,120,0.6601108049614373,0.7041134996631974,0.5970248423773964,0.6467325675625942,1998,7589,19024,1389,0.005705030483437734,0.005705030483437734,01,0.7041134996631974
qed,bit_12,bit_58,12,58,0.5847176779478008,0.6414685790197072,0.6594454578667414,0.7114533725157959,14441,7054,1946,6559,-0.004742986422851869,0.004742986422851869,11,0.7114533725157959
qed,bit_33,bit_63,33,63,0.6384896499706166,0.5855819536560511,0.7114086452023162,0.6538004911929428,3680,14603,6198,5519,-0.004700457694807869,0.004700457694807869,10,0.7114086452023162
qed,bit_67,bit_33,67,33,0.5860777545587883,0.6407281269009101,0.6499578627944577,0.6999463524069273,15377,3101,2906,8616,-0.004661882729652178,0.004661882729652178,11,0.6999463524069273
qed,bit_51,bit_101,51,101,0.7032876801259705,0.6713030034874726,0.6347333917951739,0.5981459310092251,6223,3637,1470,18670,-0.004602784147450856,0.004602784147450856,00,0.7032876801259705
qed,bit_58,bit_101,58,101,0.6428291389645758,0.5841062676429141,0.7150314285619477,0.6517209569525542,2647,13740,5046,8567,-0.004587600287731752,0.004587600287731752,10,0.7150314285619477
qed,bit_0,bit_56,0,56,0.6100276783916837,0.6310594797592474,0.6842134468600221,0.7009344329983179,22495,412,2139,4954,-0.004310815229267795,0.004310815229267795,11,0.7009344329983179
qed,bit_67,bit_51,67,51,0.6405472736474092,0.5924234899938351,0.6977885430427822,0.6539573558130196,1085,17393,8775,2747,0.004292596423811523,0.004292596423811523,10,0.6977885430427822
qed,bit_67,bit_63,67,63,0.6201079443821442,0.5930146895205747,0.6959430437655538,0.6646487165408277,1524,16954,8354,3168,-0.004201072363156588,0.004201072363156588,10,0.6959430437655538
qed,bit_12,bit_101,12,101,0.6030784737342406,0.6033517415508093,0.7002839597982539,0.6964282510804604,799,20696,6894,1611,-0.004128976534362172,0.004128976534362172,10,0.7002839597982539
qed,bit_58,bit_56,58,56,0.5910152658011971,0.6408637753273554,0.6599656870138457,0.7058229849595501,15540,847,9094,4519,-0.003991211580453902,0.003991211580453902,11,0.7058229849595501
qed,bit_51,bit_5,51,5,0.6804334822748961,0.7026088528764779,0.6006600175378705,0.6266919569463567,4944,4916,20019,121,0.003856568806904437,0.003856568806904437,01,0.7026088528764779
qed,bit_58,bit_16,58,16,0.6395949780562086,0.576203281356392,0.7115122696936096,0.6445193824692512,4495,11892,6232,7381,-0.0036011905245417752,0.0036011905245417752,10,0.7115122696936096
qed,bit_97,bit_58,97,58,0.5850825815192257,0.6473546207190308,0.6490755071260729,0.7149074064006055,14208,8004,2179,5609,0.0035598600747274167,0.0035598600747274167,11,0.7149074064006055
qed,bit_51,bit_97,51,97,0.6630309912659224,0.704521850829113,0.598528523280655,0.6434828247526031,3097,6763,19115,1025,0.0034634419087574697,0.0034634419087574697,01,0.704521850829113
qed,bit_23,bit_48,23,48,0.6629031400694986,0.7063518384178574,0.6027228093333009,0.6491617058051844,469,5769,19223,4539,0.0029901981235246344,0.0029901981235246344,01,0.7063518384178574
qed,bit_120,bit_58,120,58,0.5900653245358071,0.6386729878070556,0.6497640591273359,0.7007312454498362,15419,5603,968,8010,0.002359523051251755,0.002359523051251755,11,0.7007312454498362
qed,bit_36,bit_17,36,17,0.6240584908234378,0.5746858309211821,0.6985624390255005,0.6514655490873825,191,12569,7322,9918,0.002275769964137697,0.002275769964137697,10,0.6985624390255005
qed,bit_51,bit_16,51,16,0.7012919371812708,0.6612545537929205,0.6361792523137736,0.5939343075532146,7446,2414,3281,16859,-0.0022075613722086773,0.0022075613722086773,00,0.7012919371812708
qed,bit_86,bit_51,86,51,0.7048400230437007,0.6561073247062574,0.6455452617360264,0.5948992280920165,7640,1947,2220,18193,-0.001913335306566677,0.001913335306566677,00,0.7048400230437007
qed,bit_12,bit_36,12,36,0.5742719904377388,0.643738461720675,0.630851923553379,0.7017200765574173,12500,8995,260,8245,0.0014016817211021104,0.0014016817211021104,11,0.7017200765574173
qed,bit_12,bit_17,12,17,0.615604328816957,0.6030752051231038,0.701918675173277,0.6880368249255631,457,21038,7056,1449,-0.0013527265538606503,0.0013527265538606503,10,0.701918675173277
qed,bit_100,bit_56,100,56,0.6841859940816615,0.700890964382862,0.6100829959939206,0.6280459946278593,2123,4974,22511,392,0.001258028332738137,0.001258028332738137,01,0.700890964382862
qed,bit_0,bit_58,0,58,0.5849754081781569,0.6520262203264874,0.6501030993393254,0.7160483704648928,14219,8688,2168,4925,-0.001105541022763168,0.001105541022763168,11,0.7160483704648928
qed,bit_100,bit_58,100,58,0.6499855025311915,0.7159525830762121,0.5850390142519193,0.6519774289742574,2158,4939,14229,8674,0.0009713341773174289,0.0009713341773174289,01,0.7159525830762121
qed,bit_36,bit_0,36,0,0.5743817622218855,0.6202786403058629,0.6534472124341115,0.6991152341935255,12470,290,10437,6803,-0.00022885632456337568,0.00022885632456337568,11,0.6991152341935255
qed,bit_36,bit_100,36,100,0.6202786403058629,0.5743817622218855,0.6991152808266524,0.6534296729422365,290,12470,6807,10433,0.0002112701995614641,0.0002112701995614641,10,0.6991152808266524
score_sa,bit_97,bit_101,97,101,0.11096302795462525,0.1244791512111238,0.1132733100339493,0.10697355952433404,610,21602,7083,705,-0.01981587376611381,0.01981587376611381,01,0.1244791512111238
score_sa,bit_100,bit_0,100,0,0.10813251706110223,0.1131937209736549,0.12362550366333297,0.11036062097855383,20,7077,22887,16,-0.0183260865973318,0.0183260865973318,10,0.12362550366333297
score_sa,bit_48,bit_101,48,101,0.10669643994942885,0.1253413512556274,0.11319229170482084,0.11380094974541953,121,19571,7572,2736,-0.018036253265599864,0.018036253265599864,01,0.1253413512556274
score_sa,bit_46,bit_101,46,101,0.10669643994942885,0.12534768144192127,0.11319229170482084,0.11383143380300138,121,19553,7572,2754,-0.01801209939431188,0.01801209939431188,01,0.12534768144192127
score_sa,bit_63,bit_101,63,101,0.11318942348850233,0.11349495848512736,0.10697858711237157,0.12512968747155745,7570,2308,123,19999,0.01784556536256085,0.01784556536256085,11,0.12512968747155745
score_sa,bit_118,bit_101,118,101,0.10669643994942885,0.12534858594733217,0.11319229170482084,0.11423267603497224,121,19452,7572,2855,-0.017611761667751927,0.017611761667751927,01,0.12534858594733217
score_sa,bit_56,bit_66,56,66,0.11786292338821926,0.12482400075005376,0.11289861839452078,0.13734649636568783,7127,17507,5231,135,0.01748680060933254,0.01748680060933254,11,0.13734649636568783
score_sa,bit_7,bit_101,7,101,0.11319229170482084,0.11439406976467564,0.10669643994942885,0.12533727458643232,7572,2877,121,19430,0.01743905657714867,0.01743905657714867,11,0.12533727458643232
score_sa,bit_125,bit_66,125,66,0.11822359660641388,0.12493701895799182,0.11261107510623203,0.10327056779138495,6937,17628,5421,14,-0.01605392966642502,0.01605392966642502,01,0.12493701895799182
score_sa,bit_16,bit_66,16,66,0.11331246318246671,0.12933778655814998,0.12457225031068593,0.12463825853172111,9670,1057,2688,16585,-0.015959315154648074,0.015959315154648074,01,0.12933778655814998
score_sa,bit_5,bit_97,5,97,0.12415153826001098,0.11491476368356811,0.10479361193308497,0.11146079032633731,22162,2801,50,4987,0.015903952969695212,0.015903952969695212,00,0.12415153826001098
score_sa,bit_66,bit_121,66,121,0.1130608013477551,0.12278301071391276,0.12986645804212937,0.12454488388280945,8925,3433,1243,16399,-0.01504378352547757,0.01504378352547757,10,0.12986645804212937
score_sa,bit_5,bit_101,5,101,0.11444536983698157,0.12445428981827308,0.11205025655117525,0.10722203974683127,3340,21623,4353,684,-0.014837136785635488,0.014837136785635488,01,0.12445428981827308
score_sa,bit_17,bit_101,17,101,0.11323307369065302,0.11113632595924557,0.11234975330558516,0.12456712158839822,6448,1065,1245,21242,0.014314116014220515,0.014314116014220515,11,0.12456712158839822
score_sa,bit_5,bit_17,5,17,0.11483920843559728,0.12419655438261344,0.11174933663941858,0.10738071390432577,2885,22078,4628,409,-0.013725968682108985,0.013725968682108985,01,0.12419655438261344
score_sa,bit_100,bit_66,100,66,0.11296934550694586,0.1320868917759556,0.1194324577067473,0.12488799707253671,7019,78,5339,17564,-0.013662006903220322,0.013662006903220322,01,0.1320868917759556
score_sa,bit_7,bit_100,7,100,0.11284728875005305,0.11489378291191074,0.13665946463541775,0.1251636966609785,6998,3451,99,19452,-0.013542262136296931,0.013542262136296931,10,0.13665946463541775
score_sa,bit_0,bit_66,0,66,0.11941906127414563,0.1248880919128582,0.11297402613706951,0.13188609958679903,5345,17562,7013,80,0.01344304281101695,0.01344304281101695,11,0.13188609958679903
score_sa,bit_118,bit_100,118,100,0.13665946463541775,0.12517519133626787,0.11284728875005305,0.11476261189731057,99,19474,6998,3429,0.01339959644640741,0.01339959644640741,00,0.13665946463541775
score_sa,bit_7,bit_0,7,0,0.11488094753919252,0.11285187869835338,0.12516381064477813,0.13640987532005686,3457,6992,19450,101,0.013275133516117865,0.013275133516117865,11,0.13640987532005686
score_sa,bit_63,bit_100,63,100,0.11284243667768562,0.11427690751748362,0.1367608423801132,0.12496008898813746,6997,2881,100,20022,-0.013235224231773757,0.013235224231773757,10,0.1367608423801132
score_sa,bit_101,bit_0,101,0,0.11220636146269806,0.1133104152610495,0.12443116169935813,0.11237668030873758,1535,6158,21372,935,-0.01315853518897199,0.01315853518897199,10,0.12443116169935813
score_sa,bit_101,bit_100,101,100,0.1133028615549031,0.11223387924328637,0.11236618264220827,0.12443162095998908,6162,1531,935,21372,0.013134420629397542,0.013134420629397542,11,0.12443162095998908
score_sa,bit_118,bit_0,118,0,0.12517530637192179,0.13640987532005686,0.11474992343809681,0.11285187869835338,19472,101,3435,6992,-0.01313261368787852,0.01313261368787852,01,0.13640987532005686
score_sa,bit_46,bit_100,46,100,0.13665946463541775,0.1251751825016021,0.11284728875005305,0.11444665709420013,99,19575,6998,3328,0.013083650477962741,0.013083650477962741,00,0.13665946463541775
score_sa,bit_48,bit_100,48,100,0.13665946463541775,0.12516901789714993,0.11284728875005305,0.11442480502099699,99,19593,6998,3310,0.013067963009211758,0.013067963009211758,00,0.13665946463541775
score_sa,bit_63,bit_0,63,0,0.1142628200110339,0.11284702311826374,0.1249601793862172,0.13651171221990893,2887,6991,20020,102,0.01296732972646189,0.01296732972646189,11,0.13651171221990893
score_sa,bit_46,bit_0,46,0,0.1251752969427498,0.13640987532005686,0.11443415285647349,0.11285187869835338,19573,101,3334,6992,-0.012816852535427165,0.012816852535427165,01,0.13640987532005686
score_sa,bit_48,bit_0,48,0,0.12516913160382007,0.13640987532005686,0.11441227244676856,0.11285187869835338,19591,101,3316,6992,-0.012801137464651974,0.012801137464651974,01,0.13640987532005686
score_sa,bit_7,bit_66,7,66,0.11336026029000558,0.12292437114173006,0.12757953731237642,0.1249401637698884,10271,178,2087,17464,-0.012203484394212524,0.012203484394212524,10,0.12757953731237642
score_sa,bit_5,bit_0,5,0,0.12389378228324038,0.11596644005628587,0.1075924740047954,0.11171903086580467,22511,2452,396,4641,0.012053899087963796,0.012053899087963796,00,0.12389378228324038
score_sa,bit_100,bit_15,100,15,0.1125819832494219,0.11367230943883574,0.12493745588313199,0.11400541837843062,3208,3889,20135,2768,-0.012022363694115218,0.012022363694115218,10,0.12493745588313199
score_sa,bit_5,bit_100,5,100,0.11596719330061361,0.12389264402606531,0.11171061903583795,0.10761872667229706,2449,22514,4648,389,-0.012017343088992605,0.012017343088992605,01,0.12389264402606531
score_sa,bit_0,bit_15,0,15,0.12492086608146008,0.11403389199137927,0.11261707283114193,0.11365341299894176,20153,2754,3190,3903,0.011923314257880638,0.011923314257880638,00,0.12492086608146008
score_sa,bit_101,bit_66,101,66,0.11319944366281565,0.10682809460784266,0.1198000279914588,0.125056210716866,7561,132,4797,17510,0.011627531780380201,0.011627531780380201,11,0.125056210716866
score_sa,bit_97,bit_15,97,15,0.12490114514587317,0.11512956197054466,0.11168071069832392,0.11332097429877136,20409,1803,2934,4854,0.011411846775775947,0.011411846775775947,00,0.12490114514587317
score_sa,bit_23,bit_121,23,121,0.11211402685354731,0.1286237415732272,0.11898241180250348,0.12412348709291317,5725,513,4443,19319,-0.011368639429270203,0.011368639429270203,01,0.1286237415732272
score_sa,bit_5,bit_15,5,15,0.12476741001617643,0.11483813408026526,0.11069204476889985,0.1121058731560952,20809,4154,2534,2503,0.01134310432310652,0.01134310432310652,00,0.12476741001617643
score_sa,bit_97,bit_125,97,125,0.12442374656849801,0.11283004861071218,0.11294217976492092,0.11255657281376444,21607,605,2958,4830,0.011208091006629353,0.011208091006629353,00,0.12442374656849801
score_sa,bit_17,bit_15,17,15,0.11181617898654063,0.11345628301813498,0.12453880937864856,0.11500087295753517,2384,5129,20959,1528,-0.011178040452707746,0.011178040452707746,10,0.12453880937864856
score_sa,bit_17,bit_66,17,66,0.11295428797781817,0.10665795736779077,0.12008242378626277,0.12494262673544083,7491,22,4867,17620,0.01115653355920547,0.01115653355920547,11,0.12494262673544083
score_sa,bit_17,bit_0,17,0,0.11249312213523367,0.11304981162509424,0.12441223879638419,0.1139222797909432,1538,5975,21369,1118,-0.011046648495301556,0.011046648495301556,10,0.12441223879638419
score_sa,bit_101,bit_15,101,15,0.11226645437993837,0.11350792547670922,0.124608308089108,0.11480628322344129,2589,5104,20754,1553,-0.01104349596243756,0.01104349596243756,10,0.124608308089108
score_sa,bit_125,bit_0,125,0,0.12453416621693007,0.11376009651401744,0.11243531578892677,0.11265881396923205,21161,3404,1746,3689,0.010997567883217915,0.010997567883217915,00,0.12453416621693007
score_sa,bit_5,bit_125,5,125,0.12405435904289704,0.11382918643417413,0.11092060176659446,0.11168049064494014,22670,2293,1895,3142,0.010985061487068584,0.010985061487068584,00,0.12405435904289704
score_sa,bit_17,bit_100,17,100,0.11303661695633885,0.11254051152446048,0.1139498990578171,0.12440687896767705,5987,1526,1110,21377,0.010953085341738306,0.010953085341738306,11,0.12440687896767705
score_sa,bit_125,bit_100,125,100,0.11376169667533609,0.12453085531947752,0.11264459809921212,0.11246431896945713,3398,21167,3699,1736,-0.010949437773896425,0.010949437773896425,01,0.12453085531947752
score_sa,bit_101,bit_125,101,125,0.11388184605508411,0.11264162213348407,0.1242109702118592,0.11207522863057795,2782,4911,21783,524,-0.010895517659681206,0.010895517659681206,10,0.1242109702118592
score_sa,bit_97,bit_66,97,66,0.12091160851434167,0.12494028826208385,0.11271957218911868,0.10593989988712907,4589,17623,7769,19,-0.01080835204973181,0.01080835204973181,01,0.12494028826208385
score_sa,bit_0,bit_24,0,24,0.12434375778340277,0.11244673375183152,0.11383948369070644,0.11252086209664476,21498,1409,3585,3508,0.010578402437509571,0.010578402437509571,00,0.12434375778340277
score_sa,bit_100,bit_24,100,24,0.11384883779659477,0.11249885536674098,0.12433878224703832,0.11250154510429106,3578,3519,21505,1398,-0.010487254712893468,0.010487254712893468,10,0.12433878224703832
score_sa,bit_118,bit_66,118,66,0.12757953731237642,0.12495324652353067,0.11336026029000558,0.1211736501929611,2087,17486,10271,156,0.010439680691801276,0.010439680691801276,00,0.12757953731237642
score_sa,bit_125,bit_15,125,15,0.12367337773644747,0.11586952635671921,0.11048460165456542,0.11293298736431474,22575,1990,768,4667,0.01025223708947759,0.01025223708947759,00,0.12367337773644747
score_sa,bit_101,bit_24,101,24,0.11400494384396331,0.11250787280188174,0.12403937630155437,0.11232000948941821,2992,4701,22091,216,-0.010222295770054582,0.010222295770054582,10,0.12403937630155437
score_sa,bit_97,bit_17,97,17,0.1148095898512048,0.12441097805910106,0.11274303050766775,0.11242386333697305,701,21511,6812,976,-0.009920555378590962,0.009920555378590962,01,0.12441097805910106
score_sa,bit_97,bit_24,97,24,0.12426128205777276,0.11368511574649577,0.1131153114983181,0.11241654511882238,21890,322,3193,4595,0.009877399931781258,0.009877399931781258,00,0.12426128205777276
score_sa,bit_12,bit_101,12,101,0.11516808011228286,0.12480240660475912,0.11284929010923561,0.11266565911561574,799,20696,6894,1611,-0.009817957486096138,0.009817957486096138,01,0.12480240660475912
score_sa,bit_17,bit_125,17,125,0.11375215106971227,0.11256130355848491,0.12402984086444657,0.11305162376759992,2363,5150,22202,285,-0.009787369585619293,0.009787369585619293,10,0.12402984086444657
score_sa,bit_5,bit_24,5,24,0.12390420210139591,0.11427195121576815,0.1116028406923713,0.11123763643980313,22918,2045,2165,2872,0.009267046633059592,0.009267046633059592,00,0.12390420210139591
score_sa,bit_7,bit_56,7,56,0.11499920042830013,0.11185360104558896,0.12507948818858328,0.13109339936195122,5546,4903,19088,463,0.009159510556079109,0.009159510556079109,11,0.13109339936195122
score_sa,bit_12,bit_56,12,56,0.1243004245878955,0.131328325917429,0.11404230131905281,0.11192244953865961,21055,440,3579,4926,-0.009147753109926687,0.009147753109926687,01,0.131328325917429
score_sa,bit_118,bit_24,118,24,0.12524336866564884,0.11427160136797257,0.11434923654160858,0.11249310946453092,19555,18,5528,4899,0.009115640220598603,0.009115640220598603,00,0.12524336866564884
score_sa,bit_7,bit_23,7,23,0.11205392455119761,0.11533433349701201,0.13091192415301683,0.12508205754221233,5769,4680,469,19082,-0.009110275556618905,0.009110275556618905,10,0.13091192415301683
score_sa,bit_118,bit_56,118,56,0.1250912987533649,0.13109339936195122,0.11491819640518224,0.11185360104558896,19110,463,5524,4903,-0.009066695968179606,0.009066695968179606,01,0.13109339936195122
score_sa,bit_63,bit_56,63,56,0.11465411802737517,0.1118464726004524,0.1248745520813313,0.131127243844156,4976,4902,19658,464,0.00906033718974747,0.00906033718974747,11,0.131127243844156
score_sa,bit_7,bit_24,7,24,0.11443243751984475,0.11249310946453092,0.12523199844486957,0.11427160136797257,5550,4899,19533,18,-0.009021069021583172,0.009021069021583172,10,0.12523199844486957
score_sa,bit_118,bit_23,118,23,0.13091192415301683,0.12509386885749693,0.11205392455119761,0.1152398523256527,469,19104,5769,4658,0.009003983069974991,0.009003983069974991,00,0.13091192415301683
score_sa,bit_63,bit_23,63,23,0.11205392455119761,0.11495527117444088,0.13091192415301683,0.12487809970644352,5769,4109,469,19653,-0.008935171069816575,0.008935171069816575,10,0.13091192415301683
score_sa,bit_46,bit_56,46,56,0.12509173080855676,0.13109339936195122,0.11472719814786034,0.11185360104558896,19211,463,5423,4903,-0.008875265655665848,0.008875265655665848,01,0.13109339936195122
score_sa,bit_48,bit_56,48,56,0.12508552762770717,0.13109339936195122,0.11471475029895443,0.11185360104558896,19229,463,5405,4903,-0.008869020987609527,0.008869020987609527,01,0.13109339936195122
score_sa,bit_15,bit_56,15,56,0.12466947020142978,0.1141025925689614,0.11437623585918452,0.11267075664057861,20184,3159,4450,2207,0.008861398413862479,0.008861398413862479,00,0.12466947020142978
score_sa,bit_24,bit_66,24,66,0.11788629885844246,0.12494561854001336,0.1125112418506523,0.11072548909137325,7473,17610,4885,32,-0.00884507244084995,0.00884507244084995,01,0.12494561854001336
score_sa,bit_7,bit_121,7,121,0.1130341962033194,0.11642692885497331,0.13030762671738427,0.12488195305682993,8943,1506,1225,18326,-0.008818406312208246,0.008818406312208246,10,0.13030762671738427
score_sa,bit_101,bit_16,101,16,0.11322058548783474,0.11100499578556462,0.11836091781889707,0.12495698530780329,7240,453,3487,18820,0.00881165719117634,0.00881165719117634,11,0.12495698530780329
score_sa,bit_24,bit_15,24,15,0.1238562229994337,0.11533729916827132,0.11229225753375273,0.11256992686869235,22098,2985,1245,3672,0.008796593166102012,0.008796593166102012,00,0.1238562229994337
score_sa,bit_46,bit_23,46,23,0.13091192415301683,0.1250942875313721,0.11205392455119761,0.11501968636087564,469,19205,5769,4557,0.008783398431322753,0.008783398431322753,00,0.13091192415301683
score_sa,bit_48,bit_23,48,23,0.13091192415301683,0.12508808002028818,0.11205392455119761,0.1150060234757683,469,19223,5769,4539,0.00877594305729934,0.00877594305729934,00,0.13091192415301683
score_sa,bit_12,bit_15,12,15,0.12507611281692987,0.11665108682555368,0.11268506512485307,0.11290328196557692,19883,1612,3460,5045,0.008643242832100037,0.008643242832100037,00,0.12507611281692987
score_sa,bit_118,bit_121,118,121,0.13030333036449324,0.12489448302471892,0.11303285353927672,0.11615255657948599,1226,18347,8942,1485,0.008528550379983582,0.008528550379983582,00,0.13030333036449324
score_sa,bit_46,bit_121,46,121,0.13029696037723076,0.12489584826653623,0.1130298648805192,0.11550996352851906,1228,18446,8940,1386,0.007881210758694385,0.007881210758694385,00,0.13029696037723076
score_sa,bit_48,bit_121,48,121,0.13025033009513967,0.12489093874311206,0.11302470920502337,0.11549394414460877,1234,18458,8934,1374,0.007828626291613003,0.007828626291613003,00,0.13025033009513967
score_sa,bit_7,bit_16,7,16,0.11337537897930648,0.11566004842768202,0.13042345975016295,0.12495507521893884,9773,676,954,18597,-0.007753053979599647,0.007753053979599647,10,0.13042345975016295
score_sa,bit_17,bit_24,17,24,0.1138814968122111,0.11232140914286223,0.12404091958015923,0.1147353577266275,2959,4554,22124,363,-0.007745474184182852,0.007745474184182852,10,0.12404091958015923
score_sa,bit_17,bit_16,17,16,0.11300343186933985,0.11136556951313666,0.1187508057921574,0.12484587881846997,7203,310,3524,18963,0.007732935382515765,0.007732935382515765,11,0.12484587881846997
score_sa,bit_5,bit_16,5,16,0.11758505838418694,0.12488140254653256,0.11141653534388901,0.1111036555334913,6043,18920,4684,353,-0.007609223972743315,0.007609223972743315,01,0.12488140254653256
score_sa,bit_48,bit_24,48,24,0.12523612350015767,0.11604165813316158,0.11414001706961266,0.11248515395725894,19672,20,5411,4897,0.007539602254642369,0.007539602254642369,00,0.12523612350015767
score_sa,bit_46,bit_24,46,24,0.1252423247840187,0.11604165813316158,0.11415435670541021,0.11248515395725894,19654,20,5429,4897,0.007531463902705843,0.007531463902705843,00,0.1252423247840187
score_sa,bit_125,bit_56,125,56,0.12389023387569432,0.11530014519931103,0.11323377205157563,0.11203733740203498,22137,2428,2497,2938,0.007393654026842639,0.007393654026842639,00,0.12389023387569432
score_sa,bit_23,bit_15,23,15,0.11453309864118298,0.11270619848663675,0.12433736102189956,0.11513067793061542,2614,3624,20729,3033,-0.007379782936737911,0.007379782936737911,10,0.12433736102189956
score_sa,bit_100,bit_56,100,56,0.1150956095892356,0.11236160726052077,0.12353759748394487,0.12813218193182546,2123,4974,22511,392,0.007328586776595425,0.007328586776595425,11,0.12813218193182546
score_sa,bit_63,bit_24,63,24,0.11402468292791908,0.1124835232117532,0.12502789331435663,0.11625249745793997,4982,4896,20101,21,-0.007234236140250774,0.007234236140250774,10,0.12502789331435663
score_sa,bit_118,bit_16,118,16,0.13043487196146625,0.12496587830974773,0.11336902629470771,0.11508513846187941,957,18616,9770,657,0.007185105818890217,0.007185105818890217,00,0.13043487196146625
score_sa,bit_63,bit_15,63,15,0.11293612960532144,0.11345308830136776,0.12516403153699,0.11871004339391299,3674,6204,19669,453,-0.006970946839123318,0.006970946839123318,10,0.12516403153699
score_sa,bit_63,bit_121,63,121,0.1130049078142949,0.11539641264119326,0.128934942498282,0.12473776928965719,8821,1057,1347,18775,-0.006588678035523168,0.006588678035523168,10,0.128934942498282
score_sa,bit_24,bit_56,24,56,0.12378155447980516,0.11534758485639754,0.11357166670826481,0.11152298691301507,22290,2793,2344,2573,0.006385289828157878,0.006385289828157878,00,0.12378155447980516
score_sa,bit_0,bit_56,0,56,0.12354696986109916,0.1271613244138292,0.11506019125460684,0.11237868069693348,22495,412,2139,4954,-0.006295865110403406,0.006295865110403406,01,0.1271613244138292
score_sa,bit_46,bit_16,46,16,0.13019440292107773,0.12496448443621291,0.11330093778080984,0.1143490789265027,1010,18664,9717,609,0.006278059630557678,0.006278059630557678,00,0.13019440292107773
score_sa,bit_23,bit_66,23,66,0.11317478332283057,0.12603926107148944,0.11827819256708932,0.12491061290126099,6094,144,6264,17498,-0.006232057414487208,0.006232057414487208,01,0.12603926107148944
score_sa,bit_48,bit_16,48,16,0.1299890244555316,0.12496448443621291,0.11329135397733077,0.1143490789265027,1028,18664,9699,609,0.006082264968490611,0.006082264968490611,00,0.1299890244555316
score_sa,bit_125,bit_24,125,24,0.1232288968580789,0.11505338006989503,0.11426977852867241,0.11216874011760616,24001,564,1082,4353,0.006074478377117623,0.006074478377117623,00,0.1232288968580789
score_sa,bit_97,bit_56,97,56,0.12401121746764203,0.12751677884407378,0.11426179572831291,0.11170769290967576,21599,613,3035,4753,-0.006059664195068884,0.006059664195068884,01,0.12751677884407378
score_sa,bit_5,bit_56,5,56,0.12333058493654638,0.11920577836064936,0.11017900215926067,0.11168638967228442,23659,1304,975,4062,0.005632194088920767,0.005632194088920767,00,0.12333058493654638
score_sa,bit_97,bit_0,97,0,0.12421190108683802,0.11913788916193993,0.11226193107616407,0.11277945069260767,21757,455,1150,6638,0.0055915315413416905,0.0055915315413416905,00,0.12421190108683802
score_sa,bit_97,bit_23,97,23,0.12726938977653815,0.12402349839253854,0.11206273425314218,0.11440608015147255,578,21634,5660,2128,0.005589237282329976,0.005589237282329976,00,0.12726938977653815
score_sa,bit_16,bit_121,16,121,0.11399082798991574,0.119800778391955,0.12434673412543909,0.12464620684183135,9064,1663,1104,18169,-0.005510477685647011,0.005510477685647011,11,0.12464620684183135
score_sa,bit_15,bit_121,15,121,0.11722752071875345,0.12457383597463711,0.11360441490006182,0.11548921529706672,4240,19103,5928,729,-0.00546151485887876,0.00546151485887876,01,0.12457383597463711
score_sa,bit_125,bit_23,125,23,0.11598365610085459,0.12381491220947685,0.11187206764808444,0.11426476372728658,2427,22138,3811,1624,-0.005438560029420114,0.005438560029420114,01,0.12381491220947685
score_sa,bit_97,bit_100,97,100,0.11924124667762309,0.12420859803832769,0.11276907667622194,0.11231828375834463,450,21762,6647,1141,-0.005418144278581907,0.005418144278581907,01,0.12420859803832769
score_sa,bit_12,bit_24,12,24,0.12462397044234373,0.11740464043043772,0.11378564962096799,0.11190076436811416,20960,535,4123,4382,0.00533444475905219,0.00533444475905219,00,0.12462397044234373
score_sa,bit_101,bit_23,101,23,0.11258337677086007,0.11408680312047745,0.11745304185609629,0.1242738637769906,5100,2593,1138,21169,0.005317395571276931,0.005317395571276931,11,0.1242738637769906
score_sa,bit_101,bit_56,101,56,0.11397176740017431,0.11232632718019453,0.1243084866701328,0.11744801382182012,3571,4122,21063,1244,-0.005215032628332908,0.005215032628332908,10,0.1243084866701328
score_sa,bit_56,bit_121,56,121,0.11783565784895522,0.12427458594878533,0.1117762252896791,0.12341570709578156,5603,19031,4565,801,0.005200553706272357,0.005200553706272357,01,0.12427458594878533
score_sa,bit_5,bit_23,5,23,0.11788476623570794,0.1235840645225847,0.11130532345016246,0.11183255408982261,2054,22909,4184,853,-0.005172067647216616,0.005172067647216616,01,0.1235840645225847
score_sa,bit_101,bit_121,101,121,0.11310964938187812,0.11286850865635005,0.11969220085384215,0.12460870142548536,7070,623,3098,19209,0.005157641297171278,0.005157641297171278,11,0.12460870142548536
score_sa,bit_125,bit_121,125,121,0.11768387832555056,0.12447135518268725,0.11245190407893257,0.11410952807659537,5176,19389,4992,443,-0.005129852859473885,0.005129852859473885,01,0.12447135518268725
score_sa,bit_12,bit_23,12,23,0.12694035600208142,0.12436830187154779,0.11194532520119617,0.11449266910614234,635,20860,5603,2902,0.005119398035479797,0.005119398035479797,00,0.12694035600208142
score_sa,bit_97,bit_16,97,16,0.11974643800874575,0.12487824172019595,0.11270214189709987,0.11271969465787114,3334,18878,7393,395,-0.005114250950678925,0.005114250950678925,01,0.12487824172019595
score_sa,bit_16,bit_23,16,23,0.11210001966523851,0.11782557385594673,0.12364773962727095,0.12466829006690647,5497,5230,741,18532,-0.004705003751072703,0.004705003751072703,11,0.12466829006690647
score_sa,bit_12,bit_125,12,125,0.12459943967488465,0.11804727325084433,0.11390416843616762,0.11202281039693127,20986,509,3579,4926,0.004670808384803979,0.004670808384803979,00,0.12459943967488465
score_sa,bit_63,bit_12,63,12,0.1162197611142567,0.11277219089781519,0.12501727979805174,0.12610179320926168,1400,8478,20095,27,0.004532083627651451,0.004532083627651451,11,0.12610179320926168
score_sa,bit_24,bit_121,24,121,0.1174007344574834,0.12440294199155817,0.11232449841803167,0.11486453785726082,5590,19493,4578,339,-0.00446216809484562,0.00446216809484562,01,0.12440294199155817
score_sa,bit_5,bit_121,5,121,0.11852592131051921,0.12436814020600326,0.11132195194818474,0.11296307298447132,5354,19609,4814,223,-0.004201097859197464,0.004201097859197464,01,0.12436814020600326
score_sa,bit_7,bit_12,7,12,0.11673824356908277,0.11277620375879022,0.12522179581412113,0.12530581452096537,1970,8479,19525,26,0.004046058517136797,0.004046058517136797,11,0.12530581452096537
score_sa,bit_17,bit_121,17,121,0.11286150236322486,0.11374254187271855,0.11982894029141303,0.1245865639664419,6879,634,3289,19198,0.0038765841655351713,0.0038765841655351713,11,0.1245865639664419
score_sa,bit_118,bit_12,118,12,0.1252331821713737,0.12530581452096537,0.11652817823304264,0.11277620375879022,19547,26,1948,8479,-0.003824606823844112,0.003824606823844112,01,0.12530581452096537
score_sa,bit_46,bit_66,46,66,0.12757488409052511,0.12495476551621608,0.11335843752502384,0.11414046557718117,2089,17585,10269,57,0.0034021466264663736,0.0034021466264663736,00,0.12757488409052511
score_sa,bit_46,bit_12,46,12,0.1252328752692499,0.12530581452096537,0.11605542491152522,0.11277620375879022,19648,26,1847,8479,-0.003352160404450494,0.003352160404450494,01,0.12530581452096537
score_sa,bit_15,bit_66,15,66,0.1182416857124103,0.12493722100202317,0.11348178134459083,0.12352944679498983,5919,17424,6439,218,0.0033521301607861154,0.0033521301607861154,01,0.12493722100202317
score_sa,bit_12,bit_17,12,17,0.11945219405347222,0.12455272603951763,0.11251380295089151,0.11427880553956987,457,21038,7056,1449,-0.003335529397367046,0.003335529397367046,01,0.12455272603951763
score_sa,bit_48,bit_12,48,12,0.12522668074240922,0.12530581452096537,0.11603171111076498,0.11277620375879022,19666,26,1829,8479,-0.003334641130530891,0.003334641130530891,01,0.12530581452096537
score_sa,bit_12,bit_16,12,16,0.12117060798316237,0.12491516335266713,0.11277634670836612,0.11345109534386179,2703,18792,8024,481,-0.003069806734009084,0.003069806734009084,01,0.12491516335266713
score_sa,bit_16,bit_56,16,56,0.11708825964515507,0.11192520052001027,0.12471917556850952,0.12255340979772954,6163,4564,18471,802,0.0029972933543648134,0.0029972933543648134,10,0.12471917556850952
score_sa,bit_24,bit_23,24,23,0.1163230173350656,0.12368343548528055,0.11104834385567196,0.11566706576701266,2866,22217,3372,1545,-0.0027416962388742416,0.0027416962388742416,01,0.12368343548528055
score_sa,bit_100,bit_16,100,16,0.11287768776212047,0.11741511069434235,0.1181440463048195,0.12481015873283277,6625,472,4102,18801,0.0021286894957913832,0.0021286894957913832,11,0.12481015873283277
score_sa,bit_0,bit_16,0,16,0.11813838386874374,0.12480630523667664,0.11288040011367181,0.1175223089834762,4103,18804,6624,469,-0.0020260124981285182,0.0020260124981285182,01,0.12480630523667664
score_sa,bit_48,bit_66,48,66,0.12751531391512302,0.12495374357698641,0.11335676809647466,0.11274178348240169,2099,17593,10259,49,0.001946585724063643,0.001946585724063643,00,0.12751531391512302
score_sa,bit_63,bit_66,63,66,0.11325717005143855,0.11449766051787143,0.12559261059105561,0.12493698552123665,9849,29,2509,17613,-0.0018961155362518384,0.0018961155362518384,10,0.12559261059105561
score_sa,bit_63,bit_16,63,16,0.11320740771701746,0.11412008343144331,0.12586732137221812,0.12495396193422544,9300,578,1427,18695,-0.0018260351524185398,0.0018260351524185398,10,0.12586732137221812
score_sa,bit_17,bit_23,17,23,0.11217833096068719,0.11462092572304106,0.1198260604686087,0.12409078694717367,5183,2330,1055,21432,0.001822131716211095,0.001822131716211095,11,0.12409078694717367
score_sa,bit_17,bit_56,17,56,0.11412331585501136,0.1121354759007393,0.12402609124242771,0.12055858085260594,3025,4488,21609,878,-0.0014796704355497098,0.0014796704355497098,10,0.12402609124242771
score_sa,bit_125,bit_16,125,16,0.11728054426753984,0.1246562499861918,0.11248868955709064,0.118631199409682,5379,19186,5348,87,-0.0012331958660606046,0.0012331958660606046,01,0.1246562499861918
score_sa,bit_12,bit_97,12,97,0.12452883709683168,0.11974607316370449,0.11600699746163767,0.11234175305519853,21115,380,1097,7408,0.0011175195266880517,0.0011175195266880517,00,0.12452883709683168
score_sa,bit_0,bit_23,0,23,0.1193024885992336,0.12382624656556479,0.11224404871598204,0.11569286094472009,1085,21822,5153,1940,-0.0010749457375931332,0.0010749457375931332,01,0.12382624656556479
score_sa,bit_12,bit_0,12,0,0.12447450072667535,0.12270958219928953,0.11337459316373785,0.11266626126644964,21127,368,1780,6725,0.0010565866300976112,0.0010565866300976112,00,0.12447450072667535
score_sa,bit_100,bit_23,100,23,0.11224379555529143,0.11568263378205182,0.1193893053404742,0.12382379812896203,5166,1931,1072,21831,0.000995654561727441,0.000995654561727441,11,0.12382379812896203
score_sa,bit_97,bit_121,97,121,0.1216119121160445,0.12447611005960171,0.11257892113821606,0.114613819265988,2855,19357,7313,475,-0.0008292998157852782,0.0008292998157852782,01,0.12447611005960171
score_sa,bit_0,bit_121,0,121,0.1194197968161037,0.12438234485069809,0.11280019084951852,0.1185090880856465,3556,19351,6612,481,0.0007463492015335887,0.0007463492015335887,01,0.12438234485069809
score_sa,bit_100,bit_121,100,121,0.11279830920911761,0.11845733267077023,0.11943636255844794,0.12438271269806897,6619,478,3549,19354,-0.0007126733220315928,0.0007126733220315928,11,0.12438271269806897
score_sa,bit_12,bit_100,12,100,0.12303205294150206,0.12446827195759887,0.11265451271382877,0.11342460451757151,359,21136,6738,1767,-0.0006661272123540674,0.0006661272123540674,01,0.12446827195759887
score_sa,bit_7,bit_15,7,15,0.11374079632101437,0.11338662042437825,0.12522092824343176,0.12530171457645495,4029,6420,19314,237,0.0004349622296593164,0.0004349622296593164,11,0.12530171457645495
score_sa,bit_12,bit_121,12,121,0.1228391977829749,0.12465572738634265,0.11259431079077457,0.11482645569278822,2502,18993,7666,839,0.00041561529864590774,0.00041561529864590774,01,0.12465572738634265
score_sa,bit_118,bit_15,118,15,0.1252324398389929,0.12530171457645495,0.11362221605795879,0.11338662042437825,19336,237,4007,6420,-0.0003048703710425982,0.0003048703710425982,01,0.12530171457645495
score_sa,bit_16,bit_15,16,15,0.11685664701148679,0.11359807642471895,0.12466350922169753,0.12113113344479402,4258,6469,19085,188,-0.0002738051901356592,0.0002738051901356592,10,0.12466350922169753
score_sa,bit_24,bit_16,24,16,0.11695068047812396,0.12464649547713415,0.11239355439551243,0.11984391337588107,5880,19203,4847,70,-0.00024545601864155164,0.00024545601864155164,01,0.12464649547713415
score_sa,bit_12,bit_66,12,66,0.12221119180965523,0.124936780087054,0.1128054589120694,0.11528787185326522,3884,17611,8474,31,-0.00024317533620295262,0.00024317533620295262,01,0.124936780087054
score_sa,bit_23,bit_56,23,56,0.11649236133006731,0.11171483424757846,0.12345878958047699,0.1185029138949765,2294,3944,22340,1422,-0.00017834860301163546,0.00017834860301163546,10,0.12345878958047699
score_sa,bit_48,bit_15,48,15,0.12522777851472186,0.12514695267117637,0.11330551871555813,0.1133831717743887,19450,242,3893,6415,0.00015847890237605244,0.00015847890237605244,00,0.12522777851472186
score_sa,bit_46,bit_15,46,15,0.1252321334626304,0.12530171457645495,0.11332352748537144,0.11338662042437825,19437,237,3906,6420,-6.4881748177425536e-06,6.4881748177425536e-06,01,0.12530171457645495
score_logp,bit_31,bit_77,31,77,0.0687408547820135,0.07224450555220821,0.04663778097416428,0.09055605665869745,12138,499,17197,166,0.04041462491433846,0.04041462491433846,11,0.09055605665869745
score_logp,bit_114,bit_77,114,77,0.07331445750493415,0.07311912238039427,0.05197797672866314,0.09160105691372873,5232,532,24103,133,0.039818415309605476,0.039818415309605476,11,0.09160105691372873
score_logp,bit_114,bit_124,114,124,0.06809139986788897,0.0803470313767424,0.07220415795644108,0.04676177293168701,3316,2448,5176,19060,-0.037698016533607506,0.037698016533607506,01,0.0803470313767424
score_logp,bit_38,bit_65,38,65,0.07243000508490917,0.08446564719873441,0.0738566044467618,0.051001335086114985,2175,1139,3182,23504,-0.034890911474472056,0.034890911474472056,01,0.08446564719873441
score_logp,bit_55,bit_77,55,77,0.05119590090853759,0.0884377663021996,0.07318881831413215,0.0757467959983128,23216,56,6119,609,-0.034683887709481366,0.034683887709481366,01,0.0884377663021996
score_logp,bit_89,bit_31,89,31,0.07250926293495481,0.07977629260481015,0.06808221679575463,0.040934945436803066,2275,2737,10362,14626,-0.034414301028806896,0.034414301028806896,01,0.07977629260481015
score_logp,bit_38,bit_114,38,114,0.0724338283159293,0.08311707806635542,0.07376609743682125,0.05046841594403702,2032,1282,3732,22954,-0.03398093124321035,0.03398093124321035,01,0.08311707806635542
score_logp,bit_68,bit_124,68,124,0.07097199408922689,0.04752733758105983,0.06926074327453366,0.07942978697202782,6637,19447,1855,2061,0.03361370020566122,0.03361370020566122,11,0.07942978697202782
score_logp,bit_77,bit_65,77,65,0.07284422934457208,0.052519381510498044,0.0764362414349759,0.08971061625795987,4711,24624,646,19,0.033599222657057996,0.033599222657057996,11,0.08971061625795987
score_logp,bit_89,bit_77,89,77,0.07654448398300075,0.07598763259129995,0.052109159681743164,0.0845897888831937,4411,601,24924,64,0.03303748059315133,0.03303748059315133,11,0.0845897888831937
score_logp,bit_54,bit_31,54,31,0.06824046633435205,0.04093509566393068,0.07222650611085822,0.07754189966021803,10612,14459,2025,2904,0.032620764219781176,0.032620764219781176,11,0.07754189966021803
score_logp,bit_54,bit_38,54,38,0.08123546952910013,0.05107449181190811,0.07398829725724915,0.07640491655101436,1179,23892,2135,2794,0.032577597010957235,0.032577597010957235,00,0.08123546952910013
score_logp,bit_76,bit_124,76,124,0.07013393002280023,0.04596123842811232,0.0712128763257119,0.0793509660225986,4838,18530,3654,2978,0.032310781291574615,0.032310781291574615,11,0.0793509660225986
score_logp,bit_76,bit_38,76,38,0.0827935009147611,0.05010699182392395,0.0751505272805084,0.07467258475383451,614,22754,2700,3932,0.03220856656416326,0.03220856656416326,00,0.0827935009147611
score_logp,bit_4,bit_38,4,38,0.07618303273663446,0.07246750698739084,0.08241373239266062,0.04661078088606372,3110,7344,204,19342,-0.032087425757353266,0.032087425757353266,10,0.08241373239266062
score_logp,bit_54,bit_77,54,77,0.05242723911402461,0.0853285414581556,0.07524906464644718,0.07612339285038681,25021,50,4314,615,-0.03202697414019136,0.03202697414019136,01,0.0853285414581556
score_logp,bit_54,bit_124,54,124,0.0702783289912497,0.04711230606966286,0.07129602616276204,0.08015542374307487,5823,19248,2669,2260,0.03202542050189967,0.03202542050189967,11,0.08015542374307487
score_logp,bit_38,bit_68,38,68,0.0808210054810741,0.0730141511370854,0.05181588470229531,0.07598100131281188,1508,1806,24576,2110,0.03197197095450527,0.03197197095450527,00,0.0808210054810741
score_logp,bit_89,bit_38,89,38,0.07513061741097614,0.07762107538684306,0.07982831446829208,0.05102466568675334,2301,2711,1013,23975,-0.03129410675740567,0.03129410675740567,10,0.07982831446829208
score_logp,bit_65,bit_124,65,124,0.0696306669151536,0.07649968721923084,0.0710048398706603,0.04663543797882165,2513,2844,5979,18664,-0.031238422195915883,0.031238422195915883,01,0.07649968721923084
score_logp,bit_31,bit_68,31,68,0.06852871729830293,0.07178301789784555,0.042043182229430404,0.07612007137559354,11276,1361,14808,2555,0.03082258854662051,0.03082258854662051,11,0.07612007137559354
score_logp,bit_38,bit_55,38,55,0.08406409140762225,0.0750518441439936,0.05048174560825385,0.07228764636669772,557,2757,22715,3971,0.03081814802207252,0.03081814802207252,00,0.08406409140762225
score_logp,bit_82,bit_38,82,38,0.08490203836881652,0.043676019585967805,0.07632856787371348,0.0656118040418855,92,14459,3222,12227,0.03050925495102074,0.03050925495102074,00,0.08490203836881652
score_logp,bit_76,bit_31,76,31,0.06734353923135115,0.03959454537730641,0.07368336227873667,0.0758818972204528,9576,13792,3061,3571,0.029947528795760868,0.029947528795760868,11,0.0758818972204528
score_logp,bit_20,bit_38,20,38,0.07646092119094183,0.07501815884127587,0.07992765774791936,0.048719270082903034,3213,5081,101,21605,-0.029765625315350375,0.029765625315350375,10,0.07992765774791936
score_logp,bit_38,bit_31,38,31,0.07471414093091304,0.0810823672524796,0.06754624987138973,0.04505755367928878,2350,964,10287,16399,-0.028856922513667504,0.028856922513667504,01,0.0810823672524796
score_logp,bit_31,bit_65,31,65,0.07237290761085483,0.06813749607365789,0.07391403685319714,0.04111938202064809,2213,10424,3144,14219,-0.028559243295352116,0.028559243295352116,10,0.07391403685319714
score_logp,bit_89,bit_124,89,124,0.07368230339502499,0.07897131110379146,0.06940912393898105,0.046597058262594845,2363,2649,6129,18859,-0.028101073385152678,0.028101073385152678,01,0.07897131110379146
score_logp,bit_20,bit_31,20,31,0.07477852757236961,0.07664787478484075,0.06532509752958454,0.03947169352064806,4751,3543,7886,13820,-0.027722751221407632,0.027722751221407632,01,0.07664787478484075
score_logp,bit_89,bit_55,89,55,0.0793651256519572,0.07490405175207376,0.04897688840461641,0.07203887317549364,1768,3244,21504,3484,0.027523058670760665,0.027523058670760665,00,0.0793651256519572
score_logp,bit_31,bit_114,31,114,0.0731689385618805,0.0678275873950806,0.07339325263437929,0.04093319579667924,2488,10149,3276,14087,-0.027118705670900148,0.027118705670900148,10,0.07339325263437929
score_logp,bit_89,bit_109,89,109,0.07592228726409608,0.07809541940206484,0.0667038509926301,0.042637123295839116,3731,1281,9921,15067,-0.026239859834759738,0.026239859834759738,01,0.07809541940206484
score_logp,bit_54,bit_55,54,55,0.048404836389462864,0.07250895770289044,0.07573430966706243,0.07498549671827824,20819,4252,2453,2476,-0.024852934262211766,0.024852934262211766,10,0.07573430966706243
score_logp,bit_20,bit_124,20,124,0.07455601375886185,0.07655900021652944,0.0669622800725094,0.044229020368792435,4066,4228,4426,17280,-0.024736246161384548,0.024736246161384548,01,0.07655900021652944
score_logp,bit_20,bit_55,20,55,0.07702388847416872,0.07469199454767501,0.04725926006205767,0.06928392799292757,3148,5146,20124,1582,0.024356561857363603,0.024356561857363603,00,0.07702388847416872
score_logp,bit_89,bit_116,89,116,0.0761928981245789,0.07832984518445636,0.06535432356782099,0.04315143455705883,4344,668,10175,14813,-0.024339836070639623,0.024339836070639623,01,0.07832984518445636
score_logp,bit_55,bit_124,55,124,0.06935822681318823,0.045197605030617864,0.07336497774426294,0.07345585768664001,5864,17408,2628,4100,0.024251501724947437,0.024251501724947437,11,0.07345585768664001
score_logp,bit_55,bit_31,55,31,0.06667282492024455,0.04242489485941034,0.07341901778196758,0.0734224961596436,8504,14768,4133,2595,0.02425140843851023,0.02425140843851023,11,0.0734224961596436
score_logp,bit_19,bit_38,19,38,0.07902214272239388,0.04737926558388067,0.07648306385719034,0.06898712549486463,109,18847,3205,7839,0.02414693877618751,0.02414693877618751,00,0.07902214272239388
score_logp,bit_38,bit_124,38,124,0.07526668585407673,0.07964012372070178,0.06883395946622005,0.04918985543162932,2329,985,6163,20523,-0.024017541901215786,0.024017541901215786,01,0.07964012372070178
score_logp,bit_109,bit_54,109,54,0.0672203036873084,0.0758378181975799,0.041916585430757464,0.07449143186038726,10479,3173,14592,1756,0.023957331919358296,0.023957331919358296,01,0.0758378181975799
score_logp,bit_31,bit_21,31,21,0.07466282234426883,0.06715433843735559,0.07286170270433608,0.041778344910709024,2903,9734,2949,14414,-0.02357487388671381,0.02357487388671381,00,0.07466282234426883
score_logp,bit_4,bit_31,4,31,0.07410543902413938,0.07275044841035949,0.06360894675881554,0.039092397185746176,6345,4109,6292,13254,-0.02316155895928948,0.02316155895928948,00,0.07410543902413938
score_logp,bit_82,bit_68,82,68,0.04327344799416345,0.07410607726051245,0.06577561254163178,0.07465674924814569,14238,313,11846,3603,-0.021951492559835084,0.021951492559835084,11,0.07465674924814569
score_logp,bit_106,bit_82,106,82,0.03986635287524694,0.05794696652366342,0.07571820156515094,0.07185218407845594,12899,4450,1652,10999,-0.021946631135111486,0.021946631135111486,10,0.07571820156515094
score_logp,bit_82,bit_65,82,65,0.072531077280902,0.042840970902211735,0.07336053691066995,0.06534654114214036,537,14014,4820,10629,0.021676110610160677,0.021676110610160677,10,0.07336053691066995
score_logp,bit_109,bit_55,109,55,0.06547352201839596,0.07338916093676368,0.04494867251217483,0.07419338792757225,7185,6467,16087,261,0.021329076497029704,0.021329076497029704,11,0.07419338792757225
score_logp,bit_20,bit_109,20,109,0.07578928631668107,0.07485898195540515,0.06342509634218393,0.041562020966576255,6402,1892,7250,14456,-0.02093277101433176,0.02093277101433176,00,0.07578928631668107
score_logp,bit_19,bit_31,19,31,0.06450937348531366,0.040076393656317835,0.07259452002714718,0.06884141543216032,5807,13149,6830,4214,0.020679875234008965,0.020679875234008965,10,0.07259452002714718
score_logp,bit_89,bit_19,89,19,0.07603692900551524,0.07654607808612027,0.04651302186705836,0.06767857771824953,673,4339,18283,6705,0.020656406770586153,0.020656406770586153,01,0.07654607808612027
score_logp,bit_21,bit_124,21,124,0.07602241511968197,0.07277844476763322,0.0691780546959256,0.04537289503895969,1762,4090,6730,17418,-0.020561189304917155,0.020561189304917155,00,0.07602241511968197
score_logp,bit_110,bit_89,110,89,0.07722378011370093,0.06836710098223242,0.0727933300029409,0.04340572024188332,4168,8796,844,16192,-0.020530930629589078,0.020530930629589078,00,0.07722378011370093
score_logp,bit_82,bit_54,82,54,0.042747584981228375,0.07392316274985114,0.06480841332258648,0.07554023689108223,13996,555,11075,4374,-0.020443754200127014,0.020443754200127014,11,0.07554023689108223
score_logp,bit_116,bit_54,116,54,0.06597340058560612,0.07614275153417371,0.042335776502740445,0.07287371448921924,10773,3746,14298,1183,0.020368587037911202,0.020368587037911202,01,0.07614275153417371
score_logp,bit_82,bit_114,82,114,0.07180283915251155,0.042965590181260865,0.0734351959779019,0.06495026536823434,490,14061,5274,10175,0.020352318361583133,0.020352318361583133,10,0.0734351959779019
score_logp,bit_106,bit_124,106,124,0.06398350524326102,0.04035561279431864,0.07429784182399667,0.07089002013755452,3046,14303,5446,7205,0.020220070762500236,0.020220070762500236,10,0.07429784182399667
score_logp,bit_116,bit_124,116,124,0.0750600608787038,0.06586417376167605,0.0659889013293876,0.03679148052229984,4315,10204,4177,11304,-0.02000153369006001,0.02000153369006001,00,0.0750600608787038
score_logp,bit_82,bit_21,82,21,0.07115336292296179,0.041782995882871515,0.07433535972867278,0.06493543486567328,1067,13484,4785,10664,0.019970442177090778,0.019970442177090778,10,0.07433535972867278
score_logp,bit_109,bit_65,109,65,0.07544242139975488,0.06726668933723895,0.06989310320395899,0.04182754827157936,3267,10385,2090,14258,-0.019889822869863696,0.019889822869863696,00,0.07544242139975488
score_logp,bit_55,bit_65,55,65,0.07129416893234704,0.048884940914249504,0.07500370574753225,0.07224678177179471,2493,20779,2864,3864,0.019652304042359993,0.019652304042359993,10,0.07500370574753225
score_logp,bit_110,bit_124,110,124,0.0759823377678707,0.06882682826693833,0.06500725164681956,0.038340542526682724,4326,8638,4166,12870,-0.019511199619204472,0.019511199619204472,00,0.0759823377678707
score_logp,bit_55,bit_114,55,114,0.07125026333032569,0.04839974556030612,0.0754251649006577,0.07196927675705588,2939,20333,2825,3903,0.01939462962641774,0.01939462962641774,10,0.0754251649006577
score_logp,bit_82,bit_76,82,76,0.04243187841255361,0.0734025883734759,0.06337072414739989,0.0750419235323886,13844,707,9524,5925,-0.01929951057593357,0.01929951057593357,11,0.0750419235323886
score_logp,bit_76,bit_109,76,109,0.06574240432262085,0.04118170991421517,0.07668407037553493,0.07141988172498984,9309,14059,4343,2289,0.019296505757860585,0.019296505757860585,10,0.07668407037553493
score_logp,bit_110,bit_54,110,54,0.06887686167315132,0.07711669338138627,0.042854471932089605,0.0701879722070523,9286,3678,15785,1251,0.019093668566727742,0.019093668566727742,01,0.07711669338138627
score_logp,bit_20,bit_19,20,19,0.07524851176521621,0.07565847840856141,0.04492669323119929,0.06436579268474668,1647,6647,17309,4397,0.019029132810202194,0.019029132810202194,01,0.07565847840856141
score_logp,bit_54,bit_114,54,114,0.06924902735028327,0.051178137009420616,0.07517014946326614,0.07610714115519968,1824,23247,3940,989,0.019007882032796186,0.019007882032796186,11,0.07610714115519968
score_logp,bit_82,bit_55,82,55,0.042334798852554,0.07079499008567533,0.06416929691428302,0.07378424118243002,13732,819,9540,5909,-0.01884524696497434,0.01884524696497434,11,0.07378424118243002
score_logp,bit_109,bit_114,109,114,0.0763361590548699,0.06698282791088435,0.06931089601554158,0.041113930582481036,3270,10382,2494,13854,-0.018843634289074984,0.018843634289074984,00,0.0763361590548699
score_logp,bit_76,bit_55,76,55,0.047992121935823646,0.07007340446740982,0.07311302941371406,0.07636167946612911,20221,3147,3051,3581,-0.01883263247917113,0.01883263247917113,11,0.07636167946612911
score_logp,bit_110,bit_82,110,82,0.06858285630034648,0.07196116966562323,0.037894289870182014,0.06008043387964671,2865,10099,11686,5350,0.01880783064418795,0.01880783064418795,01,0.07196116966562323
score_logp,bit_106,bit_31,106,31,0.06087025711587951,0.03814430834564731,0.07387579096852182,0.0699296028645573,4855,12494,7782,4869,0.01877976066626768,0.01877976066626768,10,0.07387579096852182
score_logp,bit_116,bit_55,116,55,0.06452058712341872,0.07343709620911215,0.04450846620010842,0.07218592656734056,7881,6638,15391,90,0.018760951281538714,0.018760951281538714,01,0.07343709620911215
score_logp,bit_4,bit_124,4,124,0.07501548488673027,0.07229077379738126,0.06451682994308218,0.043062636443981374,4919,5535,3573,15973,-0.018729482409751808,0.018729482409751808,00,0.07501548488673027
score_logp,bit_116,bit_31,116,31,0.07088496280942895,0.06478009545520186,0.06376308267227752,0.03896944518086677,9078,5441,3559,11922,-0.01868877013718366,0.01868877013718366,00,0.07088496280942895
score_logp,bit_20,bit_116,20,116,0.07578271545535627,0.07436959438849126,0.06174516783149079,0.04215794004834107,7087,1207,7432,14274,-0.018174106716284708,0.018174106716284708,00,0.07578271545535627
score_logp,bit_19,bit_124,19,124,0.0664060740102656,0.04134833643152998,0.07579410751482345,0.0687406288913856,4700,14256,3792,7252,0.01800425895529778,0.01800425895529778,10,0.07579410751482345
score_logp,bit_19,bit_54,19,54,0.0462789239825161,0.07138961510190092,0.06827376709691062,0.0763279990076044,17988,968,7083,3961,-0.01705645920869104,0.01705645920869104,11,0.0763279990076044
score_logp,bit_68,bit_114,68,114,0.07101669148283021,0.05169332974412491,0.07495684292665386,0.07263751904168445,2429,23655,3335,581,0.017004037853735887,0.017004037853735887,10,0.07495684292665386
score_logp,bit_110,bit_65,110,65,0.07552660720209421,0.06924204283848234,0.06617174821735412,0.04311873132938181,4069,8895,1288,15748,-0.016768452524360447,0.016768452524360447,00,0.07552660720209421
score_logp,bit_82,bit_31,82,31,0.0624674181163764,0.036497963595722126,0.0720347508449138,0.06276559724980861,4168,10383,8469,6980,0.016700300925549083,0.016700300925549083,10,0.0720347508449138
score_logp,bit_20,bit_82,20,82,0.07285233863869993,0.07607752890409761,0.0411310008214289,0.0610152722907163,1287,7007,13264,8442,0.016659081203889724,0.016659081203889724,01,0.07607752890409761
score_logp,bit_55,bit_68,55,68,0.04994213215254172,0.07129681176427714,0.07160131915959765,0.07659255191709118,21808,1464,4276,2452,-0.016363446854241896,0.016363446854241896,11,0.07659255191709118
score_logp,bit_4,bit_19,4,19,0.07291937424273662,0.0737027092722932,0.04500964735838572,0.06162590135724062,1733,8721,17223,2323,0.01583291896929833,0.01583291896929833,01,0.0737027092722932
score_logp,bit_54,bit_68,54,68,0.052069157405053294,0.06887696063737378,0.07464262667901034,0.07571657448257889,24439,632,1645,3284,-0.015733855428751935,0.015733855428751935,11,0.07571657448257889
score_logp,bit_110,bit_31,110,31,0.07311931520054855,0.06773134520135814,0.06052949316701933,0.03964393347106593,8381,4583,4256,12780,-0.015497589696762987,0.015497589696762987,00,0.07311931520054855
score_logp,bit_55,bit_21,55,21,0.07009418932426888,0.04956441006678313,0.07558615000483232,0.07043176754803543,1951,21321,3901,2827,0.015375396800688855,0.015375396800688855,10,0.07558615000483232
score_logp,bit_109,bit_124,109,124,0.0750669110634131,0.06595457407226635,0.0645110264442072,0.040032669088491186,4897,8755,3595,12753,-0.015366020364569272,0.015366020364569272,00,0.0750669110634131
score_logp,bit_109,bit_68,109,68,0.06726799991831817,0.07749098903947713,0.043382255641223055,0.06885402095136743,11041,2611,15043,1305,0.015248776188985416,0.015248776188985416,01,0.07749098903947713
score_logp,bit_4,bit_89,4,89,0.0772443330098905,0.0707012620656246,0.06818227874294801,0.04651442522326834,4588,5866,424,19122,-0.015124782575413775,0.015124782575413775,00,0.0772443330098905
score_logp,bit_110,bit_114,110,114,0.07710732897252773,0.06870780428355273,0.06551575671634591,0.04227664181372309,3869,9095,1895,15141,-0.014839590213647821,0.014839590213647821,00,0.07710732897252773
score_logp,bit_106,bit_54,106,54,0.04391935637560631,0.06505096680835351,0.07012591492865333,0.07647019272190411,16869,480,8202,4449,-0.014787332639496421,0.014787332639496421,11,0.07647019272190411
score_logp,bit_106,bit_114,106,114,0.06285325740648998,0.043534099985863564,0.0751554113163974,0.07059206162586153,871,16478,4893,7758,0.01475580773009054,0.01475580773009054,10,0.0751554113163974
score_logp,bit_20,bit_21,20,21,0.07805933455017057,0.07146275784395592,0.04096376570319165,0.04911961414663018,5173,3121,679,21027,0.014752425149653178,0.014752425149653178,00,0.07805933455017057
score_logp,bit_19,bit_65,19,65,0.0670471442188197,0.04650918292908901,0.07465668020355669,0.06886063337995484,971,17985,4386,6658,0.014741914466128839,0.014741914466128839,10,0.07465668020355669
score_logp,bit_89,bit_114,89,114,0.076751134741077,0.07563969817506697,0.06671943404818902,0.05093876302267686,3779,1233,1985,23003,-0.01466923445950212,0.01466923445950212,00,0.076751134741077
score_logp,bit_110,bit_76,110,76,0.06733248759138248,0.07721028280609092,0.04265632341871348,0.06709995836852091,7869,5095,15499,1537,0.014565839735098993,0.014565839735098993,01,0.07721028280609092
score_logp,bit_109,bit_21,109,21,0.07540454161454657,0.06604890495805389,0.06749303096878674,0.043635131621531806,4632,9020,1220,15128,-0.014502262690762255,0.014502262690762255,00,0.07540454161454657
score_logp,bit_38,bit_21,38,21,0.07742767312011337,0.07277241129136991,0.07060716897590391,0.05146649270323218,2701,613,3151,23535,-0.014485414443928271,0.014485414443928271,00,0.07742767312011337
score_logp,bit_76,bit_19,76,19,0.04549282497698449,0.06671289590133413,0.06977049788870078,0.07650780801658323,17341,6027,1615,5017,-0.014482760796467188,0.014482760796467188,11,0.07650780801658323
score_logp,bit_19,bit_114,19,114,0.06764914894133325,0.04497651808001897,0.07668354257839692,0.06848911335930316,2161,16795,3603,7441,0.014478201642220523,0.014478201642220523,10,0.07668354257839692
score_logp,bit_4,bit_55,4,55,0.07107751380977718,0.07618345895734438,0.04538446137626332,0.06470097974927401,5345,5109,17927,1619,0.014210573225443494,0.014210573225443494,01,0.07618345895734438
score_logp,bit_116,bit_114,116,114,0.07718063614796385,0.06574729078314388,0.06674307345114408,0.041118974514414014,3619,10900,2145,13336,-0.014190753571910103,0.014190753571910103,00,0.07718063614796385
score_logp,bit_89,bit_82,89,82,0.07012278180839066,0.07733049930391761,0.04282416858511706,0.0640473886931303,593,4419,13958,11030,0.014015502612486283,0.014015502612486283,01,0.07733049930391761
score_logp,bit_110,bit_68,110,68,0.06933690228637689,0.07808048508559808,0.04335108107606593,0.0660842749516822,10180,2784,15904,1132,0.013989611076395084,0.013989611076395084,01,0.07808048508559808
score_logp,bit_20,bit_110,20,110,0.07675559804091056,0.0689731734451356,0.06463378952779165,0.04294250233409167,7038,1256,5926,15780,-0.013908862597925009,0.013908862597925009,00,0.07675559804091056
score_logp,bit_110,bit_116,110,116,0.07249449104613064,0.05380885346908595,0.04933226274362499,0.044113223791981154,12076,888,2443,14593,0.013466598625400852,0.013466598625400852,00,0.07249449104613064
score_logp,bit_106,bit_20,106,20,0.06694120901344287,0.043172328973990724,0.07672348397950728,0.06635753273909059,972,16377,7322,5329,0.013402928799035464,0.013402928799035464,10,0.07672348397950728
score_logp,bit_109,bit_38,109,38,0.0767359419399778,0.066878746372044,0.0683586528347463,0.04532115590028407,3247,10405,67,16281,-0.013180301366528424,0.013180301366528424,00,0.0767359419399778
score_logp,bit_116,bit_65,116,65,0.07622164140894828,0.0658526062028064,0.06580396860943544,0.04237841542222697,3843,10676,1514,13967,-0.013056517981066593,0.013056517981066593,00,0.07622164140894828
score_logp,bit_116,bit_76,116,76,0.06411985403322251,0.07715756583574793,0.04190206960784377,0.06792916382284983,9533,4986,13835,1646,0.012989382412480648,0.012989382412480648,01,0.07715756583574793
score_logp,bit_89,bit_54,89,54,0.07471359587655912,0.07680879575880399,0.051767997405604955,0.06672388347758573,792,4220,24279,709,0.01286068618973591,0.01286068618973591,01,0.07680879575880399
score_logp,bit_54,bit_65,54,65,0.0655419642480568,0.051841465537134465,0.07549122569642013,0.07463271788242311,1192,23879,4165,764,0.012841990896925323,0.012841990896925323,10,0.07549122569642013
score_logp,bit_106,bit_89,106,89,0.06486624344275363,0.04394569560903219,0.07765953293523692,0.06937983539152968,463,16886,4549,8102,0.012640850290014202,0.012640850290014202,10,0.07765953293523692
score_logp,bit_109,bit_31,109,31,0.07178046259989353,0.06406512206209886,0.06133510583059924,0.041063058691934065,9127,4525,3510,12838,-0.012556706600870507,0.012556706600870507,00,0.07178046259989353
score_logp,bit_82,bit_109,82,109,0.061653234112416674,0.037101457460384735,0.0724172177992736,0.06034344487318967,4051,10500,9601,5848,0.012478003725948011,0.012478003725948011,10,0.0724172177992736
score_logp,bit_89,bit_65,89,65,0.07729125988503542,0.07466060923509354,0.06594439825186327,0.05106386384224701,3462,1550,1895,23093,-0.012249883759674382,0.012249883759674382,00,0.07729125988503542
score_logp,bit_76,bit_68,76,68,0.05103535440304056,0.041857613346414885,0.07319196500109092,0.07616332499633427,23191,177,2893,3739,0.012149101051869025,0.012149101051869025,11,0.07616332499633427
score_logp,bit_110,bit_55,110,55,0.0684380028706116,0.07411820904688005,0.04445646773096957,0.062110197690711785,6627,6337,16645,391,0.011973523783473765,0.011973523783473765,01,0.07411820904688005
score_logp,bit_20,bit_4,20,4,0.07679966367299697,0.06772971229122764,0.06650891293743295,0.0457258686219207,7176,1118,3278,18428,-0.011713092933742925,0.011713092933742925,00,0.07679966367299697
score_logp,bit_19,bit_68,19,68,0.046738278617383305,0.06614079422064424,0.06895007882581033,0.07680150101870545,18152,804,7932,3112,-0.011551093410365823,0.011551093410365823,11,0.07680150101870545
score_logp,bit_76,bit_114,76,114,0.06133511680864909,0.0506850944782481,0.07472769674010439,0.07535097310740736,616,22752,5148,1484,0.011273298697703958,0.011273298697703958,11,0.07535097310740736
score_logp,bit_68,bit_65,68,65,0.06957132648619802,0.05204622426076157,0.0757677623234985,0.06941511129089901,2153,23931,3204,712,0.011172451192836969,0.011172451192836969,10,0.0757677623234985
score_logp,bit_106,bit_55,106,55,0.04383393483401832,0.06004753501913516,0.06995038347080405,0.07501548750930413,16632,717,6640,6011,-0.011148496146616761,0.011148496146616761,11,0.07501548750930413
score_logp,bit_82,bit_19,82,19,0.039483090821352505,0.0633081276529479,0.0609748750187675,0.0737289991831476,11831,2720,7125,8324,-0.011070912667215292,0.011070912667215292,11,0.0737289991831476
score_logp,bit_116,bit_68,116,68,0.06630307490168788,0.07783227090658337,0.04318531185847789,0.06555602636269711,11630,2889,14454,1027,0.01084151849932373,0.01084151849932373,01,0.07783227090658337
score_logp,bit_116,bit_82,116,82,0.06006185872157169,0.07296120971327046,0.03571933859145965,0.0594364655929219,4912,9607,9639,5842,0.010817776009763483,0.010817776009763483,01,0.07296120971327046
score_logp,bit_4,bit_54,4,54,0.07114480184401292,0.0769692269585197,0.04650064110165032,0.06306210228114234,6096,4358,18975,571,0.010737036064985245,0.010737036064985245,01,0.0769692269585197
score_logp,bit_106,bit_68,106,68,0.044240628252294224,0.05947205231582752,0.07095149835480964,0.07586887556107882,17049,300,9035,3616,-0.010314046857264114,0.010314046857264114,11,0.07586887556107882
score_logp,bit_116,bit_109,116,109,0.06969288015887448,0.060770426277242814,0.06269261766026238,0.04353588046001571,12736,1783,916,14565,-0.010234283318615006,0.010234283318615006,00,0.06969288015887448
score_logp,bit_4,bit_109,4,109,0.07563824661374514,0.06703257623759519,0.06029246366462599,0.04149642569349856,7945,2509,5707,13839,-0.010190367594977476,0.010190367594977476,00,0.07563824661374514
score_logp,bit_106,bit_65,106,65,0.05830545671889596,0.04408431982704982,0.0748595629657789,0.07080374828277829,512,16837,4845,7806,0.010165322208845522,0.010165322208845522,10,0.0748595629657789
score_logp,bit_4,bit_82,4,82,0.06578303515861679,0.07638928074055891,0.0387863141505834,0.05940667561230571,2776,7678,11775,7771,0.01001411587978019,0.01001411587978019,01,0.07638928074055891
score_logp,bit_19,bit_55,19,55,0.04664691949533011,0.06442274109806063,0.06704938404082421,0.07494524690709854,17981,975,5291,5753,-0.009879958736456189,0.009879958736456189,11,0.07494524690709854
score_logp,bit_76,bit_65,76,65,0.061300810547810516,0.050640574866591924,0.07511617107852812,0.07428547707281956,713,22655,4644,1988,0.009829541675510027,0.009829541675510027,10,0.07511617107852812
score_logp,bit_116,bit_19,116,19,0.05816786124259881,0.07314540964758964,0.04434648599694244,0.049698292162106736,4409,10110,14547,934,-0.009625742239826547,0.009625742239826547,01,0.07314540964758964
score_logp,bit_106,bit_110,106,110,0.059437058469371085,0.042627206366009654,0.07328340922267616,0.06606680305795326,1937,15412,11027,1624,0.009593245938638528,0.009593245938638528,10,0.07328340922267616
score_logp,bit_110,bit_109,110,109,0.07155504599182094,0.06827090872668337,0.05588844736971771,0.04336827963368372,11620,1344,2032,15004,-0.009236030470896411,0.009236030470896411,00,0.07155504599182094
score_logp,bit_4,bit_114,4,114,0.0762480318329417,0.07138685998256086,0.06024328986408872,0.046221907059504456,4701,5753,1063,18483,-0.009160210954203427,0.009160210954203427,00,0.0762480318329417
score_logp,bit_4,bit_116,4,116,0.07466759591499202,0.0671184899987684,0.058875330490512585,0.04223235988820598,8938,1516,5581,13965,-0.00909386468608299,0.00909386468608299,00,0.07466759591499202
score_logp,bit_4,bit_76,4,76,0.0697762844825118,0.07652043488967462,0.046394055945669053,0.061842393017021116,4569,5885,18799,747,0.008704186664189241,0.008704186664189241,01,0.07652043488967462
score_logp,bit_89,bit_68,89,68,0.07498293690517903,0.07733737005025454,0.05187129892688183,0.06280103300231513,1830,3182,24254,734,0.008575300930357785,0.008575300930357785,01,0.07733737005025454
score_logp,bit_21,bit_68,21,68,0.07029067409564589,0.07716798404570686,0.051388314975639074,0.066830839624861,2904,2948,23180,968,0.008565214699160953,0.008565214699160953,01,0.07716798404570686
score_logp,bit_106,bit_109,106,109,0.05626254382826556,0.04164735640109357,0.07350635156013811,0.0674225808811669,3391,13958,10261,2390,0.008531416748200772,0.008531416748200772,10,0.07350635156013811
score_logp,bit_106,bit_76,106,76,0.04386126211730897,0.06023578531102286,0.06864032605252579,0.07654149842255811,16668,681,6700,5951,-0.008473350823681565,0.008473350823681565,11,0.07654149842255811
score_logp,bit_31,bit_124,31,124,0.07441415571187157,0.06427423368863448,0.06264328511225131,0.04412082552388906,5739,6898,2753,14610,-0.008382537565125164,0.008382537565125164,00,0.07441415571187157
score_logp,bit_114,bit_65,114,65,0.0751599448004262,0.0683702437527199,0.0665770955352265,0.051462643701773655,4182,1582,1175,23061,-0.008324750785746543,0.008324750785746543,00,0.0751599448004262
score_logp,bit_106,bit_19,106,19,0.044337848767248784,0.04645130075046969,0.06490404559800333,0.07464449609430768,15985,1364,2971,9680,0.00762699851308344,0.00762699851308344,11,0.07464449609430768
score_logp,bit_89,bit_76,89,76,0.052446741360842,0.07732656336783383,0.05095492127216988,0.06821950510651384,171,4841,23197,1791,-0.0076152381726478716,0.0076152381726478716,01,0.07732656336783383
score_logp,bit_20,bit_114,20,114,0.07659119576300791,0.07422717867493346,0.0581174237729375,0.04840447876656737,4736,3558,1028,20678,-0.007348927918295681,0.007348927918295681,00,0.07659119576300791
score_logp,bit_21,bit_65,21,65,0.07705460779134046,0.0688731542937028,0.0662049790894974,0.05081905972670944,3492,2360,1865,22283,-0.007204465865150306,0.007204465865150306,00,0.07705460779134046
score_logp,bit_20,bit_89,20,89,0.07691407497235522,0.07365735457244467,0.05913311785807254,0.048805965346667146,4889,3405,123,21583,-0.007070432111494843,0.007070432111494843,00,0.07691407497235522
score_logp,bit_20,bit_68,20,68,0.07416684333739133,0.07744039671513975,0.048924008393635955,0.04515723691083088,4721,3573,21363,343,-0.00704032486055349,0.00704032486055349,01,0.07744039671513975
score_logp,bit_20,bit_54,20,54,0.07451082191125032,0.07641182103573628,0.04875075661692771,0.057662671586700076,3642,4652,21429,277,0.007010915845286403,0.007010915845286403,01,0.07641182103573628
score_logp,bit_110,bit_38,110,38,0.07679445212766034,0.06931693076841215,0.04532857162639303,0.04486098677169195,3290,9674,24,17012,0.007009936504547107,0.007009936504547107,00,0.07679445212766034
score_logp,bit_116,bit_21,116,21,0.07642787666437302,0.06414325758989624,0.04982821731163243,0.04446569159321087,5264,9255,588,14893,0.006922093356055217,0.006922093356055217,00,0.07642787666437302
score_logp,bit_106,bit_21,106,21,0.057277892697286496,0.043837776641909534,0.07659381947532715,0.06959554704840488,860,16489,4992,7659,0.006441843628454701,0.006441843628454701,10,0.07659381947532715
score_logp,bit_21,bit_114,21,114,0.07884557711167713,0.06824074168375435,0.06709060037535897,0.0500919340211335,3043,2809,2721,21427,-0.0063938309263026905,0.0063938309263026905,00,0.07884557711167713
score_logp,bit_4,bit_65,4,65,0.07631506100475564,0.07148652056052726,0.05694267363189556,0.04653727571129878,4517,5937,840,18706,-0.005576857476368394,0.005576857476368394,00,0.07631506100475564
score_logp,bit_4,bit_21,4,21,0.07876499547136909,0.06916664718996131,0.05092319209249684,0.04676017974546844,4799,5655,1053,18493,0.005435335934379379,0.005435335934379379,00,0.07876499547136909
score_logp,bit_82,bit_124,82,124,0.057517129280183134,0.042653707434940166,0.07286875195806368,0.06342236509688179,1256,13295,7236,8213,0.005417034984061077,0.005417034984061077,10,0.07286875195806368
score_logp,bit_54,bit_21,54,21,0.06692408008594253,0.050860981396111796,0.07901957717446409,0.06790680352595886,2547,22524,3305,1624,0.004950325041325504,0.004950325041325504,10,0.07901957717446409
score_logp,bit_4,bit_68,4,68,0.07168481428750163,0.07751742497449617,0.04672839074873425,0.05613628498104187,7070,3384,19014,532,0.003575283545313085,0.003575283545313085,01,0.07751742497449617
score_logp,bit_110,bit_19,110,19,0.06244244118738182,0.07474468352840345,0.04392783872401414,0.052765801044431904,3720,9244,15236,1800,-0.003464280020603866,0.003464280020603866,01,0.07474468352840345
score_logp,bit_19,bit_21,19,21,0.0584319694530702,0.04715551214015245,0.07577654378597787,0.0671013900311599,682,18274,5170,5874,0.002601303558099788,0.002601303558099788,10,0.07577654378597787
score_logp,bit_109,bit_19,109,19,0.06027729482253245,0.07407721917993501,0.04324705823642355,0.05940515345219415,4802,8850,14154,2194,0.002358170858368036,0.002358170858368036,01,0.07407721917993501
score_logp,bit_4,bit_110,4,110,0.07729734470761533,0.060778109049117596,0.06109495287776053,0.04230594656654313,8097,2357,4867,14679,-0.0022697706527196743,0.0022697706527196743,00,0.07729734470761533
score_logp,bit_106,bit_4,106,4,0.05615301422689643,0.043195486686067194,0.07708004162270846,0.06194938451855081,1752,15597,8702,3949,-0.0021731295633284076,0.0021731295633284076,10,0.07708004162270846
score_logp,bit_89,bit_21,89,21,0.07932885163152606,0.06837032529654063,0.06411564957593324,0.051073301072732016,3708,1304,2144,22844,-0.0020838221682158015,0.0020838221682158015,00,0.07932885163152606
score_logp,bit_76,bit_21,76,21,0.059918887072973534,0.0503429601415374,0.07861002451283003,0.06781756553037835,1520,21848,4332,2300,-0.0012165320510155453,0.0012165320510155453,10,0.07861002451283003
score_logp,bit_20,bit_65,20,65,0.07648768996930698,0.07440418769443435,0.051491209218865144,0.04877850278956517,4669,3625,688,21018,-0.0006292041544273402,0.0006292041544273402,00,0.07648768996930698
score_logp,bit_76,bit_54,76,54,0.05095888107261895,0.05421025343800496,0.07289742618002801,0.0755748798556796,23318,50,1753,4879,-0.000573918689734422,0.000573918689734422,11,0.0755748798556796
score_logp,bit_110,bit_21,110,21,0.07553956506621491,0.06811219908863002,0.0516443700387774,0.044683077472866504,5415,7549,437,16599,0.00046607341167399785,0.00046607341167399785,00,0.07553956506621491
score_logp,bit_106,bit_116,106,116,0.05288856397942379,0.04224514481567822,0.07393434522317163,0.06293392639528952,3682,13667,10837,1814,-0.00035699966413653417,0.00035699966413653417,10,0.07393434522317163
score_logp,bit_20,bit_76,20,76,0.07264799020713174,0.07660141153846911,0.04876993122051477,0.05298429775268418,2149,6145,21219,487,0.000260945200832044,0.000260945200832044,01,0.07660141153846911
score_ro5,bit_125,bit_107,125,107,0.10000000000000002,0.09999999999999998,0.09999999999999998,0.10000000000000003,20173,4392,5406,29,9.71445146547012e-17,9.71445146547012e-17,11,0.10000000000000003
score_ro5,bit_23,bit_75,23,75,0.10000000000000002,0.09999999999999996,0.09999999999999999,0.1,3487,2751,1502,22260,6.938893903907228e-17,6.938893903907228e-17,00,0.10000000000000002
score_ro5,bit_125,bit_65,125,65,0.09999999999999999,0.10000000000000002,0.10000000000000002,0.09999999999999998,4333,20232,1024,4411,-6.938893903907228e-17,6.938893903907228e-17,01,0.10000000000000002
score_ro5,bit_125,bit_8,125,8,0.09999999999999998,0.10000000000000002,0.09999999999999999,0.09999999999999996,4386,20179,73,5362,-6.938893903907228e-17,6.938893903907228e-17,01,0.10000000000000002
score_ro5,bit_1,bit_49,1,49,0.10000000000000002,0.09999999999999999,0.09999999999999999,0.10000000000000002,24064,635,3522,1779,5.551115123125783e-17,5.551115123125783e-17,00,0.10000000000000002
score_ro5,bit_65,bit_35,65,35,0.10000000000000002,0.09999999999999998,0.1,0.10000000000000002,4058,1299,12366,12277,5.551115123125783e-17,5.551115123125783e-17,00,0.10000000000000002
score_ro5,bit_65,bit_8,65,8,0.10000000000000002,0.09999999999999998,0.1,0.10000000000000002,990,4367,3469,21174,5.551115123125783e-17,5.551115123125783e-17,00,0.10000000000000002
score_ro5,bit_45,bit_104,45,104,0.1,0.10000000000000002,0.10000000000000002,0.09999999999999998,3623,10208,10283,5886,-5.551115123125783e-17,5.551115123125783e-17,01,0.10000000000000002
score_ro5,bit_35,bit_105,35,105,0.10000000000000002,0.09999999999999999,0.09999999999999999,0.10000000000000002,10536,5888,5928,7648,5.551115123125783e-17,5.551115123125783e-17,00,0.10000000000000002
score_ro5,bit_1,bit_23,1,23,0.09999999999999998,0.10000000000000002,0.1,0.1,4501,20198,1737,3564,-4.163336342344337e-17,4.163336342344337e-17,01,0.10000000000000002
score_ro5,bit_23,bit_56,23,56,0.09999999999999999,0.10000000000000002,0.1,0.09999999999999999,2294,3944,22340,1422,-4.163336342344337e-17,4.163336342344337e-17,01,0.10000000000000002
score_ro5,bit_23,bit_125,23,125,0.09999999999999999,0.10000000000000002,0.1,0.09999999999999999,2427,3811,22138,1624,-4.163336342344337e-17,4.163336342344337e-17,01,0.10000000000000002
score_ro5,bit_23,bit_69,23,69,0.09999999999999998,0.1,0.10000000000000002,0.1,4506,1732,20057,3705,-4.163336342344337e-17,4.163336342344337e-17,10,0.10000000000000002
score_ro5,bit_23,bit_65,23,65,0.1,0.09999999999999999,0.09999999999999999,0.10000000000000002,1908,4330,3449,20313,4.163336342344337e-17,4.163336342344337e-17,11,0.10000000000000002
score_ro5,bit_23,bit_78,23,78,0.09999999999999999,0.1,0.10000000000000002,0.09999999999999999,5759,479,10041,13721,-4.163336342344337e-17,4.163336342344337e-17,10,0.10000000000000002
score_ro5,bit_56,bit_8,56,8,0.09999999999999999,0.10000000000000002,0.10000000000000002,0.1,4203,20431,256,5110,-4.163336342344337e-17,4.163336342344337e-17,01,0.10000000000000002
score_ro5,bit_125,bit_75,125,75,0.09999999999999998,0.10000000000000002,0.1,0.1,2529,22036,2460,2975,-4.163336342344337e-17,4.163336342344337e-17,01,0.10000000000000002
score_ro5,bit_125,bit_11,125,11,0.10000000000000002,0.09999999999999999,0.09999999999999999,0.1,20259,4306,4927,508,4.163336342344337e-17,4.163336342344337e-17,00,0.10000000000000002
score_ro5,bit_125,bit_78,125,78,0.1,0.10000000000000002,0.09999999999999999,0.09999999999999996,10417,14148,5383,52,-4.163336342344337e-17,4.163336342344337e-17,01,0.10000000000000002
score_ro5,bit_75,bit_54,75,54,0.09999999999999999,0.09999999999999999,0.10000000000000002,0.09999999999999998,2637,2352,22434,2577,-4.163336342344337e-17,4.163336342344337e-17,10,0.10000000000000002
score_ro5,bit_75,bit_11,75,11,0.10000000000000003,0.09999999999999999,0.10000000000000002,0.10000000000000002,3910,1079,21276,3735,4.163336342344337e-17,4.163336342344337e-17,00,0.10000000000000003
score_ro5,bit_75,bit_104,75,104,0.10000000000000002,0.09999999999999999,0.1,0.10000000000000002,3317,1672,10589,14422,4.163336342344337e-17,4.163336342344337e-17,00,0.10000000000000002
score_ro5,bit_79,bit_65,79,65,0.09999999999999998,0.10000000000000002,0.09999999999999999,0.09999999999999999,2653,21194,2704,3449,-4.163336342344337e-17,4.163336342344337e-17,01,0.10000000000000002
score_ro5,bit_79,bit_78,79,78,0.10000000000000002,0.1,0.09999999999999999,0.10000000000000002,10626,13221,5174,979,4.163336342344337e-17,4.163336342344337e-17,00,0.10000000000000002
score_ro5,bit_79,bit_104,79,104,0.10000000000000002,0.1,0.09999999999999998,0.1,11073,12774,2833,3320,4.163336342344337e-17,4.163336342344337e-17,00,0.10000000000000002
score_ro5,bit_69,bit_44,69,44,0.09999999999999996,0.1,0.09999999999999999,0.09999999999999999,2750,21813,2434,3003,-4.163336342344337e-17,4.163336342344337e-17,01,0.1
score_ro5,bit_69,bit_105,69,105,0.1,0.10000000000000002,0.10000000000000002,0.09999999999999999,14474,10089,1990,3447,-4.163336342344337e-17,4.163336342344337e-17,01,0.10000000000000002
score_ro5,bit_65,bit_54,65,54,0.09999999999999999,0.1,0.10000000000000002,0.09999999999999999,1192,4165,23879,764,-4.163336342344337e-17,4.163336342344337e-17,10,0.10000000000000002
score_ro5,bit_65,bit_44,65,44,0.1,0.09999999999999999,0.09999999999999999,0.10000000000000002,2960,2397,2224,22419,4.163336342344337e-17,4.163336342344337e-17,11,0.10000000000000002
score_ro5,bit_65,bit_114,65,114,0.1,0.09999999999999999,0.09999999999999999,0.10000000000000002,4182,1175,1582,23061,4.163336342344337e-17,4.163336342344337e-17,11,0.10000000000000002
score_ro5,bit_107,bit_45,107,45,0.1,0.10000000000000002,0.1,0.09999999999999998,9949,15630,3882,539,-4.163336342344337e-17,4.163336342344337e-17,01,0.10000000000000002
score_ro5,bit_107,bit_78,107,78,0.1,0.1,0.1,0.09999999999999996,14105,11474,1695,2726,-4.163336342344337e-17,4.163336342344337e-17,00,0.1
score_ro5,bit_49,bit_44,49,44,0.1,0.10000000000000002,0.10000000000000002,0.09999999999999999,3385,24201,1799,615,-4.163336342344337e-17,4.163336342344337e-17,01,0.10000000000000002
score_ro5,bit_54,bit_35,54,35,0.10000000000000002,0.10000000000000002,0.1,0.09999999999999996,12878,12193,3546,1383,-4.163336342344337e-17,4.163336342344337e-17,00,0.10000000000000002
score_ro5,bit_54,bit_8,54,8,0.10000000000000002,0.1,0.09999999999999999,0.10000000000000002,3638,21433,821,4108,4.163336342344337e-17,4.163336342344337e-17,00,0.10000000000000002
score_ro5,bit_54,bit_78,54,78,0.10000000000000002,0.10000000000000002,0.09999999999999998,0.10000000000000002,12858,12213,2942,1987,4.163336342344337e-17,4.163336342344337e-17,00,0.10000000000000002
score_ro5,bit_11,bit_44,11,44,0.09999999999999998,0.1,0.10000000000000002,0.1,4267,20919,917,3897,-4.163336342344337e-17,4.163336342344337e-17,10,0.10000000000000002
score_ro5,bit_11,bit_105,11,105,0.10000000000000002,0.1,0.09999999999999999,0.10000000000000002,12155,13031,4309,505,4.163336342344337e-17,4.163336342344337e-17,00,0.10000000000000002
score_ro5,bit_45,bit_35,45,35,0.1,0.09999999999999998,0.09999999999999999,0.1,13176,655,3248,12921,4.163336342344337e-17,4.163336342344337e-17,00,0.1
score_ro5,bit_45,bit_105,45,105,0.10000000000000002,0.09999999999999999,0.1,0.10000000000000002,9032,4799,7432,8737,4.163336342344337e-17,4.163336342344337e-17,00,0.10000000000000002
score_ro5,bit_35,bit_8,35,8,0.09999999999999999,0.10000000000000002,0.10000000000000002,0.1,3522,12902,937,12639,-4.163336342344337e-17,4.163336342344337e-17,01,0.10000000000000002
score_ro5,bit_35,bit_104,35,104,0.09999999999999999,0.10000000000000003,0.10000000000000002,0.10000000000000002,4233,12191,9673,3903,-4.163336342344337e-17,4.163336342344337e-17,01,0.10000000000000003
score_ro5,bit_105,bit_78,105,78,0.09999999999999998,0.1,0.10000000000000002,0.1,5945,10519,9855,3681,-4.163336342344337e-17,4.163336342344337e-17,10,0.10000000000000002
score_ro5,bit_105,bit_104,105,104,0.10000000000000002,0.1,0.09999999999999999,0.10000000000000002,9417,7047,4489,9047,4.163336342344337e-17,4.163336342344337e-17,00,0.10000000000000002
score_ro5,bit_78,bit_104,78,104,0.10000000000000002,0.1,0.09999999999999999,0.10000000000000002,9192,6608,4714,9486,4.163336342344337e-17,4.163336342344337e-17,00,0.10000000000000002
score_ro5,bit_1,bit_69,1,69,0.1,0.1,0.1,0.09999999999999998,23753,946,810,4491,-2.7755575615628914e-17,2.7755575615628914e-17,00,0.1
score_ro5,bit_1,bit_11,1,11,0.1,0.1,0.09999999999999998,0.1,20820,3879,4366,935,2.7755575615628914e-17,2.7755575615628914e-17,00,0.1
score_ro5,bit_1,bit_44,1,44,0.09999999999999999,0.10000000000000002,0.09999999999999999,0.09999999999999999,2270,22429,2914,2387,-2.7755575615628914e-17,2.7755575615628914e-17,01,0.10000000000000002
score_ro5,bit_1,bit_114,1,114,0.09999999999999999,0.10000000000000002,0.09999999999999999,0.09999999999999999,1229,23470,4535,766,-2.7755575615628914e-17,2.7755575615628914e-17,01,0.10000000000000002
score_ro5,bit_23,bit_107,23,107,0.09999999999999999,0.09999999999999999,0.10000000000000002,0.09999999999999999,6197,41,19382,4380,-2.7755575615628914e-17,2.7755575615628914e-17,10,0.10000000000000002
score_ro5,bit_23,bit_49,23,49,0.09999999999999999,0.09999999999999999,0.10000000000000002,0.09999999999999999,5007,1231,22579,1183,-2.7755575615628914e-17,2.7755575615628914e-17,10,0.10000000000000002
score_ro5,bit_23,bit_54,23,54,0.1,0.09999999999999999,0.10000000000000002,0.09999999999999998,4142,2096,20929,2833,-2.7755575615628914e-17,2.7755575615628914e-17,10,0.10000000000000002
score_ro5,bit_23,bit_11,23,11,0.09999999999999998,0.1,0.10000000000000002,0.10000000000000002,5444,794,19742,4020,-2.7755575615628914e-17,2.7755575615628914e-17,10,0.10000000000000002
score_ro5,bit_23,bit_8,23,8,0.10000000000000002,0.09999999999999999,0.10000000000000002,0.10000000000000002,465,5773,3994,19768,2.7755575615628914e-17,2.7755575615628914e-17,00,0.10000000000000002
score_ro5,bit_125,bit_49,125,49,0.10000000000000002,0.10000000000000002,0.1,0.09999999999999998,22701,1864,4885,550,-2.7755575615628914e-17,2.7755575615628914e-17,00,0.10000000000000002
score_ro5,bit_125,bit_54,125,54,0.10000000000000002,0.09999999999999999,0.09999999999999999,0.09999999999999999,20791,3774,4280,1155,2.7755575615628914e-17,2.7755575615628914e-17,00,0.10000000000000002
score_ro5,bit_125,bit_104,125,104,0.10000000000000002,0.10000000000000002,0.10000000000000002,0.09999999999999999,9983,14582,3923,1512,-2.7755575615628914e-17,2.7755575615628914e-17,00,0.10000000000000002
score_ro5,bit_75,bit_65,75,65,0.09999999999999999,0.09999999999999999,0.09999999999999999,0.10000000000000002,2305,2684,3052,21959,2.7755575615628914e-17,2.7755575615628914e-17,11,0.10000000000000002
score_ro5,bit_75,bit_107,75,107,0.09999999999999999,0.10000000000000002,0.10000000000000002,0.10000000000000002,4468,521,21111,3900,-2.7755575615628914e-17,2.7755575615628914e-17,01,0.10000000000000002
score_ro5,bit_79,bit_54,79,54,0.10000000000000002,0.09999999999999999,0.09999999999999999,0.09999999999999999,21537,2310,3534,2619,2.7755575615628914e-17,2.7755575615628914e-17,00,0.10000000000000002
score_ro5,bit_79,bit_11,79,11,0.1,0.09999999999999998,0.09999999999999999,0.09999999999999999,19333,4514,5853,300,2.7755575615628914e-17,2.7755575615628914e-17,00,0.1
score_ro5,bit_79,bit_105,79,105,0.1,0.10000000000000002,0.1,0.09999999999999999,14769,9078,1695,4458,-2.7755575615628914e-17,2.7755575615628914e-17,01,0.10000000000000002
score_ro5,bit_79,bit_114,79,114,0.1,0.10000000000000002,0.1,0.09999999999999999,2015,21832,3749,2404,-2.7755575615628914e-17,2.7755575615628914e-17,01,0.10000000000000002
score_ro5,bit_69,bit_11,69,11,0.10000000000000002,0.09999999999999999,0.09999999999999999,0.09999999999999999,20310,4253,4876,561,2.7755575615628914e-17,2.7755575615628914e-17,00,0.10000000000000002
score_ro5,bit_69,bit_45,69,45,0.10000000000000002,0.1,0.09999999999999998,0.09999999999999999,10821,13742,3010,2427,2.7755575615628914e-17,2.7755575615628914e-17,00,0.10000000000000002
score_ro5,bit_69,bit_35,69,35,0.1,0.10000000000000002,0.1,0.09999999999999999,13251,11312,3173,2264,-2.7755575615628914e-17,2.7755575615628914e-17,01,0.10000000000000002
score_ro5,bit_69,bit_78,69,78,0.10000000000000002,0.10000000000000002,0.10000000000000002,0.09999999999999999,11665,12898,4135,1302,-2.7755575615628914e-17,2.7755575615628914e-17,00,0.10000000000000002
score_ro5,bit_69,bit_114,69,114,0.10000000000000002,0.1,0.10000000000000002,0.09999999999999998,1666,22897,4098,1339,-2.7755575615628914e-17,2.7755575615628914e-17,00,0.10000000000000002
score_ro5,bit_65,bit_107,65,107,0.09999999999999998,0.09999999999999999,0.10000000000000002,0.1,2678,2679,22901,1742,-2.7755575615628914e-17,2.7755575615628914e-17,10,0.10000000000000002
score_ro5,bit_65,bit_11,65,11,0.1,0.1,0.10000000000000002,0.09999999999999999,3892,1465,21294,3349,-2.7755575615628914e-17,2.7755575615628914e-17,10,0.10000000000000002
score_ro5,bit_65,bit_78,65,78,0.1,0.09999999999999999,0.1,0.10000000000000002,2930,2427,12870,11773,2.7755575615628914e-17,2.7755575615628914e-17,11,0.10000000000000002
score_ro5,bit_107,bit_35,107,35,0.10000000000000002,0.1,0.09999999999999999,0.1,12108,13471,4316,105,2.7755575615628914e-17,2.7755575615628914e-17,00,0.10000000000000002
score_ro5,bit_107,bit_8,107,8,0.10000000000000002,0.1,0.09999999999999999,0.1,3890,21689,569,3852,2.7755575615628914e-17,2.7755575615628914e-17,00,0.10000000000000002
score_ro5,bit_107,bit_105,107,105,0.10000000000000002,0.10000000000000002,0.1,0.09999999999999998,14577,11002,1887,2534,-2.7755575615628914e-17,2.7755575615628914e-17,00,0.10000000000000002
score_ro5,bit_49,bit_54,49,54,0.10000000000000002,0.09999999999999998,0.1,0.09999999999999999,24826,2760,245,2169,2.7755575615628914e-17,2.7755575615628914e-17,00,0.10000000000000002
score_ro5,bit_49,bit_114,49,114,0.1,0.10000000000000002,0.10000000000000002,0.1,3832,23754,1932,482,-2.7755575615628914e-17,2.7755575615628914e-17,01,0.10000000000000002
score_ro5,bit_49,bit_104,49,104,0.1,0.1,0.09999999999999999,0.10000000000000002,13327,14259,579,1835,2.7755575615628914e-17,2.7755575615628914e-17,11,0.10000000000000002
score_ro5,bit_54,bit_45,54,45,0.1,0.1,0.10000000000000002,0.09999999999999999,10369,14702,3462,1467,-2.7755575615628914e-17,2.7755575615628914e-17,10,0.10000000000000002
score_ro5,bit_54,bit_104,54,104,0.10000000000000002,0.1,0.09999999999999999,0.1,12742,12329,1164,3765,2.7755575615628914e-17,2.7755575615628914e-17,00,0.10000000000000002
score_ro5,bit_11,bit_45,11,45,0.10000000000000002,0.1,0.09999999999999999,0.1,10617,14569,3214,1600,2.7755575615628914e-17,2.7755575615628914e-17,00,0.10000000000000002
score_ro5,bit_11,bit_78,11,78,0.1,0.10000000000000002,0.1,0.09999999999999999,15299,9887,501,4313,-2.7755575615628914e-17,2.7755575615628914e-17,01,0.10000000000000002
score_ro5,bit_45,bit_114,45,114,0.1,0.1,0.09999999999999998,0.1,3066,10765,2698,13471,2.7755575615628914e-17,2.7755575615628914e-17,00,0.1
score_ro5,bit_44,bit_8,44,8,0.09999999999999999,0.09999999999999998,0.1,0.10000000000000002,593,4591,3866,20950,2.7755575615628914e-17,2.7755575615628914e-17,11,0.10000000000000002
score_ro5,bit_44,bit_105,44,105,0.09999999999999998,0.10000000000000002,0.1,0.10000000000000002,1311,3873,15153,9663,-2.7755575615628914e-17,2.7755575615628914e-17,01,0.10000000000000002
score_ro5,bit_44,bit_78,44,78,0.09999999999999999,0.1,0.10000000000000002,0.1,4268,916,11532,13284,-2.7755575615628914e-17,2.7755575615628914e-17,10,0.10000000000000002
score_ro5,bit_44,bit_104,44,104,0.09999999999999999,0.1,0.10000000000000002,0.1,2884,2300,11022,13794,-2.7755575615628914e-17,2.7755575615628914e-17,10,0.10000000000000002
score_ro5,bit_35,bit_114,35,114,0.1,0.1,0.09999999999999999,0.10000000000000002,3180,13244,2584,10992,2.7755575615628914e-17,2.7755575615628914e-17,11,0.10000000000000002
score_ro5,bit_8,bit_105,8,105,0.09999999999999998,0.09999999999999998,0.10000000000000002,0.09999999999999999,4349,110,12115,13426,-2.7755575615628914e-17,2.7755575615628914e-17,10,0.10000000000000002
score_ro5,bit_8,bit_78,8,78,0.09999999999999999,0.10000000000000002,0.1,0.1,631,3828,15169,10372,-2.7755575615628914e-17,2.7755575615628914e-17,01,0.10000000000000002
score_ro5,bit_114,bit_104,114,104,0.10000000000000002,0.10000000000000003,0.10000000000000002,0.1,1819,3945,12087,12149,-2.7755575615628914e-17,2.7755575615628914e-17,01,0.10000000000000003
score_ro5,bit_1,bit_56,1,56,0.10000000000000002,0.10000000000000002,0.10000000000000002,0.1,21046,3653,3588,1713,-1.3877787807814457e-17,1.3877787807814457e-17,00,0.10000000000000002
score_ro5,bit_1,bit_125,1,125,0.10000000000000003,0.1,0.10000000000000002,0.1,20469,4230,4096,1205,1.3877787807814457e-17,1.3877787807814457e-17,00,0.10000000000000003
score_ro5,bit_1,bit_79,1,79,0.1,0.09999999999999998,0.10000000000000002,0.1,21940,2759,1907,3394,1.3877787807814457e-17,1.3877787807814457e-17,10,0.10000000000000002
score_ro5,bit_1,bit_65,1,65,0.09999999999999999,0.10000000000000002,0.09999999999999999,0.1,1079,23620,4278,1023,-1.3877787807814457e-17,1.3877787807814457e-17,01,0.10000000000000002
score_ro5,bit_1,bit_107,1,107,0.1,0.1,0.09999999999999998,0.09999999999999999,22877,1822,2702,2599,1.3877787807814457e-17,1.3877787807814457e-17,00,0.1
score_ro5,bit_1,bit_54,1,54,0.1,0.10000000000000002,0.09999999999999998,0.1,23777,922,1294,4007,1.3877787807814457e-17,1.3877787807814457e-17,01,0.10000000000000002
score_ro5,bit_1,bit_45,1,45,0.10000000000000002,0.1,0.1,0.1,10179,14520,3652,1649,1.3877787807814457e-17,1.3877787807814457e-17,00,0.10000000000000002
score_ro5,bit_1,bit_35,1,35,0.10000000000000002,0.1,0.1,0.1,12643,12056,3781,1520,1.3877787807814457e-17,1.3877787807814457e-17,00,0.10000000000000002
score_ro5,bit_1,bit_8,1,8,0.10000000000000002,0.1,0.09999999999999998,0.09999999999999998,3909,20790,550,4751,1.3877787807814457e-17,1.3877787807814457e-17,00,0.10000000000000002
score_ro5,bit_1,bit_105,1,105,0.09999999999999999,0.10000000000000002,0.09999999999999998,0.09999999999999999,14236,10463,2228,3073,-1.3877787807814457e-17,1.3877787807814457e-17,01,0.10000000000000002
score_ro5,bit_1,bit_104,1,104,0.1,0.1,0.09999999999999999,0.09999999999999998,13110,11589,796,4505,-1.3877787807814457e-17,1.3877787807814457e-17,00,0.1
score_ro5,bit_23,bit_45,23,45,0.09999999999999999,0.09999999999999999,0.1,0.10000000000000002,661,5577,13170,10592,1.3877787807814457e-17,1.3877787807814457e-17,11,0.10000000000000002
score_ro5,bit_23,bit_105,23,105,0.09999999999999999,0.09999999999999999,0.1,0.10000000000000002,1235,5003,15229,8533,1.3877787807814457e-17,1.3877787807814457e-17,11,0.10000000000000002
score_ro5,bit_23,bit_114,23,114,0.09999999999999999,0.10000000000000002,0.09999999999999999,0.1,2781,3457,2983,20779,-1.3877787807814457e-17,1.3877787807814457e-17,01,0.10000000000000002
score_ro5,bit_23,bit_104,23,104,0.09999999999999998,0.09999999999999999,0.10000000000000002,0.10000000000000002,4671,1567,9235,14527,-1.3877787807814457e-17,1.3877787807814457e-17,10,0.10000000000000002
score_ro5,bit_56,bit_75,56,75,0.10000000000000002,0.1,0.09999999999999999,0.09999999999999999,1957,22677,3032,2334,1.3877787807814457e-17,1.3877787807814457e-17,00,0.10000000000000002
score_ro5,bit_56,bit_79,56,79,0.10000000000000002,0.10000000000000002,0.1,0.09999999999999999,20716,3918,3131,2235,-1.3877787807814457e-17,1.3877787807814457e-17,00,0.10000000000000002
score_ro5,bit_56,bit_69,56,69,0.10000000000000002,0.10000000000000002,0.1,0.09999999999999999,20876,3758,3687,1679,-1.3877787807814457e-17,1.3877787807814457e-17,00,0.10000000000000002
score_ro5,bit_56,bit_65,56,65,0.1,0.10000000000000002,0.1,0.1,3677,20957,1680,3686,-1.3877787807814457e-17,1.3877787807814457e-17,01,0.10000000000000002
score_ro5,bit_56,bit_49,56,49,0.10000000000000002,0.09999999999999999,0.10000000000000002,0.09999999999999998,23514,1120,4072,1294,-1.3877787807814457e-17,1.3877787807814457e-17,00,0.10000000000000002
score_ro5,bit_56,bit_54,56,54,0.1,0.09999999999999999,0.1,0.1,21543,3091,3528,1838,1.3877787807814457e-17,1.3877787807814457e-17,00,0.1
score_ro5,bit_56,bit_105,56,105,0.10000000000000002,0.10000000000000002,0.09999999999999999,0.1,15212,9422,1252,4114,1.3877787807814457e-17,1.3877787807814457e-17,00,0.10000000000000002
score_ro5,bit_56,bit_78,56,78,0.10000000000000002,0.1,0.09999999999999998,0.09999999999999998,10745,13889,5055,311,1.3877787807814457e-17,1.3877787807814457e-17,00,0.10000000000000002
score_ro5,bit_56,bit_104,56,104,0.10000000000000002,0.1,0.10000000000000002,0.09999999999999999,10033,14601,3873,1493,-1.3877787807814457e-17,1.3877787807814457e-17,00,0.10000000000000002
score_ro5,bit_125,bit_79,125,79,0.10000000000000002,0.10000000000000002,0.1,0.09999999999999999,20671,3894,3176,2259,-1.3877787807814457e-17,1.3877787807814457e-17,00,0.10000000000000002
score_ro5,bit_125,bit_45,125,45,0.10000000000000002,0.10000000000000002,0.09999999999999995,0.09999999999999996,13768,10797,63,5372,1.3877787807814457e-17,1.3877787807814457e-17,00,0.10000000000000002
score_ro5,bit_125,bit_44,125,44,0.09999999999999999,0.10000000000000002,0.09999999999999998,0.09999999999999999,2936,21629,2248,3187,-1.3877787807814457e-17,1.3877787807814457e-17,01,0.10000000000000002
score_ro5,bit_75,bit_69,75,69,0.09999999999999999,0.1,0.10000000000000002,0.10000000000000002,3122,1867,21441,3570,-1.3877787807814457e-17,1.3877787807814457e-17,10,0.10000000000000002
score_ro5,bit_75,bit_49,75,49,0.1,0.09999999999999999,0.1,0.1,3503,1486,24083,928,1.3877787807814457e-17,1.3877787807814457e-17,00,0.1
score_ro5,bit_75,bit_44,75,44,0.1,0.09999999999999999,0.1,0.1,3476,1513,1708,23303,1.3877787807814457e-17,1.3877787807814457e-17,00,0.1
score_ro5,bit_75,bit_35,75,35,0.09999999999999998,0.1,0.1,0.10000000000000002,1290,3699,15134,9877,-1.3877787807814457e-17,1.3877787807814457e-17,11,0.10000000000000002
score_ro5,bit_75,bit_105,75,105,0.09999999999999999,0.1,0.10000000000000002,0.10000000000000002,1679,3310,14785,10226,-1.3877787807814457e-17,1.3877787807814457e-17,10,0.10000000000000002
score_ro5,bit_75,bit_114,75,114,0.1,0.1,0.09999999999999999,0.1,3225,1764,2539,22472,1.3877787807814457e-17,1.3877787807814457e-17,00,0.1
score_ro5,bit_79,bit_107,79,107,0.1,0.09999999999999999,0.1,0.1,21414,2433,4165,1988,1.3877787807814457e-17,1.3877787807814457e-17,00,0.1
score_ro5,bit_79,bit_49,79,49,0.1,0.1,0.09999999999999999,0.1,22379,1468,5207,946,1.3877787807814457e-17,1.3877787807814457e-17,00,0.1
score_ro5,bit_79,bit_35,79,35,0.1,0.10000000000000002,0.09999999999999998,0.1,13429,10418,2995,3158,1.3877787807814457e-17,1.3877787807814457e-17,01,0.10000000000000002
score_ro5,bit_69,bit_65,69,65,0.1,0.10000000000000002,0.1,0.1,1809,22754,3548,1889,-1.3877787807814457e-17,1.3877787807814457e-17,01,0.10000000000000002
score_ro5,bit_69,bit_107,69,107,0.1,0.1,0.09999999999999999,0.09999999999999998,22485,2078,3094,2343,-1.3877787807814457e-17,1.3877787807814457e-17,00,0.1
score_ro5,bit_69,bit_49,69,49,0.1,0.09999999999999999,0.09999999999999999,0.09999999999999999,23392,1171,4194,1243,1.3877787807814457e-17,1.3877787807814457e-17,00,0.1
score_ro5,bit_69,bit_54,69,54,0.1,0.09999999999999999,0.10000000000000002,0.10000000000000002,23042,1521,2029,3408,1.3877787807814457e-17,1.3877787807814457e-17,10,0.10000000000000002
score_ro5,bit_69,bit_8,69,8,0.1,0.10000000000000002,0.09999999999999999,0.09999999999999999,4270,20293,189,5248,-1.3877787807814457e-17,1.3877787807814457e-17,01,0.10000000000000002
score_ro5,bit_65,bit_49,65,49,0.1,0.09999999999999999,0.1,0.1,3138,2219,24448,195,1.3877787807814457e-17,1.3877787807814457e-17,00,0.1
score_ro5,bit_107,bit_49,107,49,0.1,0.09999999999999999,0.10000000000000002,0.10000000000000002,24013,1566,3573,848,1.3877787807814457e-17,1.3877787807814457e-17,10,0.10000000000000002
score_ro5,bit_107,bit_54,107,54,0.10000000000000002,0.10000000000000003,0.1,0.1,22170,3409,2901,1520,-1.3877787807814457e-17,1.3877787807814457e-17,01,0.10000000000000003
score_ro5,bit_107,bit_11,107,11,0.1,0.09999999999999999,0.1,0.09999999999999998,21420,4159,3766,655,-1.3877787807814457e-17,1.3877787807814457e-17,00,0.1
score_ro5,bit_107,bit_44,107,44,0.1,0.10000000000000002,0.09999999999999999,0.09999999999999999,4002,21577,1182,3239,-1.3877787807814457e-17,1.3877787807814457e-17,01,0.10000000000000002
score_ro5,bit_107,bit_114,107,114,0.1,0.1,0.09999999999999999,0.09999999999999998,3611,21968,2153,2268,-1.3877787807814457e-17,1.3877787807814457e-17,00,0.1
score_ro5,bit_107,bit_104,107,104,0.1,0.10000000000000002,0.09999999999999999,0.09999999999999999,13714,11865,192,4229,-1.3877787807814457e-17,1.3877787807814457e-17,01,0.10000000000000002
score_ro5,bit_49,bit_35,49,35,0.1,0.1,0.1,0.09999999999999999,14614,12972,1810,604,-1.3877787807814457e-17,1.3877787807814457e-17,00,0.1
score_ro5,bit_49,bit_8,49,8,0.1,0.10000000000000002,0.1,0.1,3520,24066,939,1475,-1.3877787807814457e-17,1.3877787807814457e-17,01,0.10000000000000002
score_ro5,bit_49,bit_105,49,105,0.10000000000000002,0.1,0.09999999999999999,0.09999999999999999,15252,12334,1212,1202,1.3877787807814457e-17,1.3877787807814457e-17,00,0.10000000000000002
score_ro5,bit_54,bit_11,54,11,0.10000000000000002,0.1,0.1,0.09999999999999998,21642,3429,3544,1385,-1.3877787807814457e-17,1.3877787807814457e-17,00,0.10000000000000002
score_ro5,bit_54,bit_105,54,105,0.10000000000000002,0.10000000000000002,0.09999999999999999,0.09999999999999998,14118,10953,2346,2583,-1.3877787807814457e-17,1.3877787807814457e-17,00,0.10000000000000002
score_ro5,bit_54,bit_114,54,114,0.10000000000000002,0.1,0.10000000000000003,0.1,1824,23247,3940,989,-1.3877787807814457e-17,1.3877787807814457e-17,10,0.10000000000000003
score_ro5,bit_11,bit_8,11,8,0.09999999999999998,0.10000000000000003,0.09999999999999998,0.10000000000000002,1464,23722,2995,1819,-1.3877787807814457e-17,1.3877787807814457e-17,01,0.10000000000000003
score_ro5,bit_11,bit_104,11,104,0.10000000000000002,0.1,0.1,0.09999999999999998,11915,13271,1991,2823,-1.3877787807814457e-17,1.3877787807814457e-17,00,0.10000000000000002
score_ro5,bit_45,bit_78,45,78,0.09999999999999999,0.1,0.1,0.1,2701,11130,13099,3070,-1.3877787807814457e-17,1.3877787807814457e-17,01,0.1
score_ro5,bit_44,bit_35,44,35,0.10000000000000002,0.09999999999999999,0.10000000000000002,0.1,1932,3252,14492,10324,1.3877787807814457e-17,1.3877787807814457e-17,00,0.10000000000000002
score_ro5,bit_44,bit_114,44,114,0.1,0.09999999999999999,0.10000000000000002,0.10000000000000002,3782,1402,1982,22834,1.3877787807814457e-17,1.3877787807814457e-17,10,0.10000000000000002
score_ro5,bit_105,bit_114,105,114,0.10000000000000002,0.1,0.10000000000000002,0.10000000000000002,1879,14585,3885,9651,1.3877787807814457e-17,1.3877787807814457e-17,00,0.10000000000000002
score_ro5,bit_78,bit_114,78,114,0.09999999999999999,0.1,0.09999999999999998,0.1,4334,11466,1430,12770,1.3877787807814457e-17,1.3877787807814457e-17,01,0.1
score_ro5,bit_1,bit_75,1,75,0.09999999999999999,0.1,0.09999999999999998,0.09999999999999999,2781,21918,2208,3093,0.0,0.0,01,0.1
score_ro5,bit_1,bit_78,1,78,0.1,0.10000000000000002,0.1,0.10000000000000002,12329,12370,3471,1830,0.0,0.0,01,0.10000000000000002
score_ro5,bit_23,bit_79,23,79,0.1,0.09999999999999999,0.10000000000000002,0.1,3782,2456,20065,3697,0.0,0.0,10,0.10000000000000002
score_ro5,bit_23,bit_44,23,44,0.09999999999999999,0.09999999999999999,0.1,0.1,3454,2784,1730,22032,0.0,0.0,10,0.1
score_ro5,bit_23,bit_35,23,35,0.09999999999999998,0.09999999999999998,0.10000000000000002,0.10000000000000002,727,5511,15697,8065,0.0,0.0,10,0.10000000000000002
score_ro5,bit_56,bit_125,56,125,0.1,0.09999999999999998,0.1,0.09999999999999998,22137,2497,2428,2938,0.0,0.0,00,0.1
score_ro5,bit_56,bit_107,56,107,0.10000000000000002,0.10000000000000002,0.09999999999999999,0.09999999999999999,20591,4043,4988,378,0.0,0.0,00,0.10000000000000002
score_ro5,bit_56,bit_11,56,11,0.10000000000000002,0.09999999999999999,0.1,0.09999999999999998,20370,4264,4816,550,0.0,0.0,00,0.10000000000000002
score_ro5,bit_56,bit_45,56,45,0.1,0.10000000000000002,0.09999999999999998,0.09999999999999999,13181,11453,650,4716,0.0,0.0,01,0.10000000000000002
score_ro5,bit_56,bit_44,56,44,0.1,0.10000000000000002,0.1,0.10000000000000002,1648,22986,3536,1830,0.0,0.0,01,0.10000000000000002
score_ro5,bit_56,bit_35,56,35,0.1,0.1,0.09999999999999999,0.09999999999999999,15720,8914,704,4662,0.0,0.0,00,0.1
score_ro5,bit_56,bit_114,56,114,0.1,0.1,0.09999999999999998,0.09999999999999998,3176,21458,2588,2778,0.0,0.0,00,0.1
score_ro5,bit_125,bit_69,125,69,0.10000000000000002,0.10000000000000002,0.1,0.1,20751,3814,3812,1623,0.0,0.0,00,0.10000000000000002
score_ro5,bit_125,bit_35,125,35,0.10000000000000002,0.10000000000000002,0.09999999999999999,0.09999999999999999,16307,8258,117,5318,0.0,0.0,00,0.10000000000000002
score_ro5,bit_125,bit_105,125,105,0.10000000000000003,0.10000000000000002,0.1,0.09999999999999999,16044,8521,420,5015,0.0,0.0,00,0.10000000000000003
score_ro5,bit_125,bit_114,125,114,0.10000000000000002,0.10000000000000002,0.1,0.1,3718,20847,2046,3389,0.0,0.0,00,0.10000000000000002
score_ro5,bit_75,bit_79,75,79,0.1,0.09999999999999999,0.10000000000000002,0.1,2585,2404,21262,3749,0.0,0.0,10,0.10000000000000002
score_ro5,bit_75,bit_45,75,45,0.09999999999999999,0.1,0.1,0.10000000000000002,1202,3787,12629,12382,0.0,0.0,11,0.10000000000000002
score_ro5,bit_75,bit_8,75,8,0.1,0.1,0.10000000000000002,0.10000000000000002,779,4210,3680,21331,0.0,0.0,10,0.10000000000000002
score_ro5,bit_75,bit_78,75,78,0.1,0.09999999999999999,0.10000000000000002,0.1,4168,821,11632,13379,0.0,0.0,10,0.10000000000000002
score_ro5,bit_79,bit_69,79,69,0.1,0.10000000000000002,0.09999999999999999,0.1,22062,1785,2501,3652,0.0,0.0,01,0.10000000000000002
score_ro5,bit_79,bit_45,79,45,0.1,0.1,0.09999999999999999,0.09999999999999999,11200,12647,2631,3522,0.0,0.0,00,0.1
score_ro5,bit_79,bit_44,79,44,0.09999999999999999,0.10000000000000002,0.09999999999999998,0.1,2356,21491,2828,3325,0.0,0.0,01,0.10000000000000002
score_ro5,bit_79,bit_8,79,8,0.09999999999999999,0.10000000000000002,0.09999999999999996,0.09999999999999999,4380,19467,79,6074,0.0,0.0,01,0.10000000000000002
score_ro5,bit_69,bit_104,69,104,0.1,0.1,0.1,0.1,13024,11539,882,4555,0.0,0.0,00,0.1
score_ro5,bit_65,bit_45,65,45,0.10000000000000002,0.1,0.10000000000000002,0.1,3907,1450,9924,14719,0.0,0.0,00,0.10000000000000002
score_ro5,bit_65,bit_105,65,105,0.09999999999999998,0.09999999999999998,0.10000000000000002,0.10000000000000002,2502,2855,13962,10681,0.0,0.0,10,0.10000000000000002
score_ro5,bit_65,bit_104,65,104,0.09999999999999999,0.09999999999999999,0.10000000000000002,0.10000000000000002,1053,4304,12853,11790,0.0,0.0,10,0.10000000000000002
score_ro5,bit_49,bit_11,49,11,0.1,0.1,0.09999999999999998,0.09999999999999998,24078,3508,1108,1306,0.0,0.0,00,0.1
score_ro5,bit_49,bit_45,49,45,0.10000000000000002,0.1,0.1,0.09999999999999999,12088,15498,1743,671,0.0,0.0,00,0.10000000000000002
score_ro5,bit_49,bit_78,49,78,0.10000000000000002,0.1,0.09999999999999999,0.09999999999999998,14497,13089,1303,1111,0.0,0.0,00,0.10000000000000002
score_ro5,bit_54,bit_44,54,44,0.09999999999999998,0.1,0.09999999999999998,0.1,2216,22855,2968,1961,0.0,0.0,01,0.1
score_ro5,bit_11,bit_35,11,35,0.1,0.1,0.10000000000000002,0.10000000000000002,12531,12655,3893,921,0.0,0.0,10,0.10000000000000002
score_ro5,bit_11,bit_114,11,114,0.09999999999999999,0.10000000000000002,0.09999999999999999,0.10000000000000002,4620,20566,1144,3670,0.0,0.0,01,0.10000000000000002
score_ro5,bit_45,bit_44,45,44,0.10000000000000002,0.10000000000000002,0.1,0.1,1869,11962,3315,12854,0.0,0.0,00,0.10000000000000002
score_ro5,bit_45,bit_8,45,8,0.09999999999999998,0.10000000000000002,0.09999999999999998,0.10000000000000002,2263,11568,2196,13973,0.0,0.0,01,0.10000000000000002
score_ro5,bit_35,bit_78,35,78,0.10000000000000003,0.1,0.10000000000000002,0.09999999999999999,3825,12599,11975,1601,0.0,0.0,00,0.10000000000000003
score_ro5,bit_8,bit_114,8,114,0.09999999999999999,0.10000000000000002,0.09999999999999999,0.10000000000000002,641,3818,5123,20418,0.0,0.0,01,0.10000000000000002
score_ro5,bit_8,bit_104,8,104,0.10000000000000002,0.1,0.10000000000000002,0.1,1879,2580,12027,13514,0.0,0.0,00,0.10000000000000002
